smiles,Tm
FC1=C(F)C(F)(F)C1(F)F,213.15
c1ccc2c(c1)ccc3Nc4ccccc4c23,407.15
CCN1C(C)=Nc2ccccc12,324.15
CC#CC(=O)O,351.15
CCCCC(S)C,126.15
O=N(=O)c1cccc(c1)C(C)(C)C,275.15
CCCCCCCCCCCCCCCCCCCCC1CCCCC1,321.65
CCCOC(=O)CCC(=O)OCCC,267.25
c1ccc2c(c1)Sc3ccccc23,370.15
OCCOC(=O)C=C,213.0
ClCCC(F)(F)F,166.65
O=C1CCCCC1=O,313.15
CCOC(=O)c1ccc2OCOc2c1,291.65
OC(O)C(Cl)(Cl)Cl,330.15
BrCCC,163.15
CCCCCC=CC,193.15
COc1ccccc1NC(=O)C,360.65
CCOC(=O)c1cccc(N)c1,422.65
N#Cc1c(F)c(F)c(F)c(F)c1F,275.55
C=CCCCCCCCCCCCC,261.15
c1ccc2c(c1)ccc3ccccc23,372.35
Brc1ccc(cc1)C(=O)c2ccc(Br)cc2,450.15
C=COC(C)(C)C,161.15
CCOC(=O)C(C)C,184.95
CCOC(=S)C(=S)OCC,300.15
Nc1ccc(N)c(C)c1,337.15
C1CCC(CC1)CCCCCC2CCCCC2,259.55
Clc1ccc(cc1)C(C)C,260.85
CCCCCC(C)CCC,174.15
CN1CCCC1,183.15
N1CCC(CC1)c2ccccc2,333.65
OC(c1ccccc1)(c2ccccc2)c3ccccc3,437.35
Clc1ccc2ccccc2n1,311.15
ClCCOP(=O)(OCCCl)OCCCl,238.15
Sc1ccccc1S,300.15
C=CC=C,164.25
OCCC(C)C,155.95
CCCCCCCCCc1ccc(O)cc1,315.15
Oc1ccc(cc1)Nc2ccccc2,346.15
CCCCCCCC(C)CC,180.25
FC(F)=C(F)F,130.65
FC(F)(F)C1(F)C(F)(F)C(F)(F)C(F)(F)C(F)(F)C1(F)C(F)(F)F,217.15
CCOCCOC(=O)C=C,226.15
Oc1ccc(O)c(C)c1,401.15
Cl[Si](Cl)Cl,146.65
C=CCN,184.95
CC(C)CCCC(C)CCCC(C)CCCC1(C)CCc2c(C)c(O)cc(C)c2O1,498.15
O=C(N)C(Cl)Cl,372.55
Cc1cc2ccccc2cc1C,378.15
O=C(O)C(Cl)(Cl)C,268.15
OCCCCCCCCCCCCCC,312.65
BrC(Br)C(F)F,211.85
Cc1cc(C)c(N(=O)=O)c(C)c1,317.15
CCOc1ccc(OCC)cc1,345.15
Cc1cccc2ncccc12,292.15
Fc1ccc(cc1)N(=O)=O,294.15
CCCC#CCCC,172.15
C=CCCCCCCC,191.85
Cc1ccc(cc1C)c2ccccc2,302.65
O=CN(C)c1ccccc1,287.65
CCCCCCCCCC,243.45
O1COCCC1,228.15
O=Cc1ccccc1OC,310.65
C=CC=CC=C,261.15
O=Cc1ccc(C=O)cc1,390.15
O=N(=O)c1cccc(c1)C(=O)Cl,309.15
Cc1cccc(c1)N(C)C,258.15
Cc1ccc(O)c(c1)C(C)C,309.65
CC=CCCC=CC,197.15
O=C(O)c1cccc(c1)C(F)(F)F,378.65
CCO[Si](Cl)(OCC)OCC,222.15
CCc1cc(C)nc(C)c1,370.15
Clc1cccc(O)c1C,359.15
O=S(=O)(Cl)c1ccccc1,287.65
c1ccc2c(n1)ccc3cccnc23,351.15
Cc1cc(Cl)c2ccccc2n1,315.65
c1ccc2CCOc2c1,251.65
COP(OC)OC,195.15
CC1CC1,95.85
Cc1cnc2ccccc2n1,453.65
CCC(Cl)(Cl)C,199.15
CCOCCOC(=O)C,211.45
CCC(CC)COCCC(=O)O,305.65
O=CF,130.95
Cc1cccc(C)c1,225.35
Nc1cc(C)cc(C)c1,282.95
BrC(C)(C)C,256.95
CCOc1ccc(Br)cc1,277.15
CCNCCCC,195.15
O=Cc1cc(C)ccc1O,329.15
C1=CC=CC=CC=C1,268.45
Oc1ccccc1,314.05
C=C(c1ccccc1)c2ccccc2,281.35
O=C(N)c1ccccc1O,415.15
CC(C)(c1ccccc1)c2ccccc2,302.15
CCCCN(CCCC)c1ccccc1,240.95
C=CCCC(=C)C,144.35
O=C(C(Cl)(Cl)Cl)C(Cl)(Cl)Cl,271.15
BrCCCCCCCBr,314.85
O=C(c1ccccc1)c2ccccc2,320.95
C#CCC(C)C,168.55
Cc1ccc(cc1)c2cccc(C)c2,287.65
S=C1NCCN1,476.15
ClC1C=CC2C1C3(Cl)C(Cl)=C(Cl)C2(Cl)C3(Cl)Cl,368.65
CC(C)CC(=O)CC(C)C,227.15
CCCCCCCC(=O)O,512.15
Nc1ccc(cc1)N(=O)=O,420.15
O=S1(=O)CCCC1,300.75
O=N(=O)c1ccccc1C(F)(F)F,305.65
ON=C(C)C,334.15
ClCC(=O)Oc1ccccc1,317.65
Brc1c(Br)c(Br)c(Br)c(C)c1C,535.15
CC1CCCCC1,146.55
O=C1CCCC1,221.85
COc1c(Cl)ccc(Cl)c1Cl,318.15
OC(C)C1CC1,241.05
CNCCCC,198.15
CCNS(=O)(=O)C(F)(F)C(F)(F)C(F)(F)C(F)(F)C(F)(F)C(F)(F)C(F)(F)C(F)(F)F,369.15
CC(C)c1ccc(cc1)C(C)C,256.15
O=N(=O)C(Cl)(Cl)Cl,209.15
ClC(Cl)F,138.15
Clc1ccccc1CN2OCC(C)(C)C2=O,298.15
ClC(F)(F)C(Cl)(Cl)C(F)(F)F,268.85
OCCCCCCCCCCCCCCCCCCCC,339.25
CC(C)C1CC1,160.25
Brc1ccc(I)cc1,365.15
Nc1ncccc1,330.65
ClC(Cl)[Si](Cl)(C)C,225.15
CCCOC(=O)c1ccccc1,221.55
O=C(Cc1ccccc1)Cc2ccccc2,308.15
CCC=Cc1ccccc1,230.05
CC(C)CCCC(C)CCCC(C)CCCCC(C)CCCC(C)CCCC(C)C,693.15
OC1CCCC1,254.15
C=CCc1ccc2OCOc2c1,284.35
CCCCCCC(O)C,311.75
CC1=NCCN1,380.15
OCCCCCCCCCCC,292.15
C#CCCCC,141.25
ClC1=C(Cl)C(F)(F)C(F)(F)C(F)(F)C1(F)F,203.15
FC(F)(F)C(Cl)(F)C(Cl)(F)C(F)(F)F,205.15
Cl[Si](Cl)(Cl)Cl,203.15
CCCCCCCCCCC(O)C,292.15
OCc1ccc(Cl)cc1,348.15
Cc1cccc2CCCCc12,250.15
COc1ccc(O)cc1,330.15
O=C1CCCCC1C2CCCCC2,241.15
SCCCCS,219.25
O=N(=O)c1cccc2ccccc12,334.15
Clc1ccc(I)cc1,330.15
Oc1ccc(C)c(C)c1,333.95
O=C(C)Nc1cnccc1,406.15
CC1CCCC(C)C1C,206.25
CC1CCC(C)CC1,186.15
CCc1cccc(CC)c1N,276.65
C=CCCCCCCCCC(=O)OCC,235.15
Clc1cccc(c1)c2cccc(Cl)c2,302.15
CC(C)O[Si](OC(C)C)(OC(C)C)OC(C)C,293.15
BrCc1ccccc1C,294.15
O=C(C)OC1CC2CCC1(C)C2(C)C,302.15
Cc1ccc(N)c(Cl)c1,280.15
Brc1ccccc1C,245.35
Cc1ccc(cc1)C(=C)C,253.15
CCCC(C)(C)C,149.35
COc1cccc(OC)c1OC,321.65
COC(=O)c1cnccc1,315.65
NCCCCCN,282.15
O=N(=O)C1=CC=CS1,319.65
CC1CC(C)S(=O)(=O)C1,270.15
O=CCCc1ccccc1,320.15
ClC(Cl)(Cl)Br,267.45
CCCCCCCCCCCCc1ccccc1,276.15
CCCN(CCC)CCC,179.65
C=CCCCCC,153.45
CC1(C)CCC(C)(C)C1,184.75
O=N(=O)C1=CSC=C1,351.65
CCCCCCCCCCCCCCCCCCc1ccccc1,302.15
C1CCc2ccncc2C1,419.65
Cc1ccc2ccccc2c1,307.55
COC(=O)c1ccccc1O,265.15
CCCCCC1CCCC1,190.15
O=C(C)C(C)(C)C(=O)C,292.15
OCC=Cc1ccccc1,306.15
Nc1cccc2ccccc12,322.35
CCC(=O)N,354.45
CC1CCC(C(C)C)C(=O)C1,267.15
COC(=O)N,327.15
O=Cc1ccc(C)cc1,267.15
CC(C=Cc1ccccc1)c2ccccc2,320.65
OCCOCCOCCOCCCC,243.15
ClC(Br)Br,253.15
N#CCc1ccc(C)cc1,291.15
CC(C)c1ccncc1,218.25
N#CC(C#N)=C(C#N)C#N,472.15
CCCCC1CCCCC1,198.45
CC(C)CS(=O)(=O)CC(C)C,290.15
CCCCCCCCCC(=O)OC,497.15
O=C(O)C12C3CC(CC13)C2(C)C,424.45
Oc1ccc(Cl)c(Cl)c1,341.15
Cc1cc(Cl)c(Cl)c(Cl)c1,318.65
ClCC(C)OC(C)CCl,176.15
O=N(=O)c1ccc(cc1)N(=O)=O,447.15
CCCCCc1ccc(O)cc1,296.15
CCCC(C)C(O)CC,150.15
Clc1ccc(N(=O)=O)c(Cl)c1,307.15
CCCCOCCOCCCC,204.05
CCc1cc(C)cc(C)c1,188.85
FC(F)C(F)F,184.15
CCOP(=O)(OCC)N(C)C,281.45
ClCC(Cl)C(=O)O,323.15
N#CO,187.15
N1CCCCC1,262.12
Nc1ccncc1,431.65
ClP(Cl)c1ccccc1,222.15
Brc1ccc(cc1)c2ccc(Br)cc2,437.15
CCC(S)(C)C,169.15
Clc1c(Cl)c(Cl)c(Cl)c(Cl)c1Cl,504.95
C#CCCCCCCCCCCCCCC,288.15
O=C1CCc2ccccc2O1,298.15
Ic1ccc(C)cc1,309.65
Cc1ccc2cccc(O)c2n1,346.95
ClC(Cl)C(=O)c1ccccc1,293.65
C1CCC(CC1)c2ccccc2,280.45
CCCC(O)C(CO)CC,233.15
Cc1cc(C)c(Br)c(C)c1,272.15
Clc1ccc(cc1)Cc2ccccc2,280.65
O=COCCCCCC,210.55
O=C(C)N(C)C(=O)C,248.15
Oc1ccc(C)c(C)c1Cl,300.15
O=C=Nc1ccc(cc1)c2ccccc2,329.15
Clc1ccc(Cl)c(Cl)c1,290.15
C=CC(C)(C)CC,138.85
CC1=CCC(CC1)C(O)(C)C,313.65
O=C1Nc2ccccc2C1(C)C,427.45
CC1=CC=C(C)N1,280.85
O=Cc1ccc(OC)c(OC)c1,316.15
CN(C)CCN(C)C,218.15
O=CC(Cl)(Cl)Cl,215.65
Clc1c(Cl)c(Cl)c(Cl)c(Cl)c1C,497.95
COc1ccc(cc1)C(=O)N,439.65
COC(=O)CCCC(=O)OC,230.65
ICCI,356.15
C=COCCCC,181.15
n1ccc(cc1)c2ccncc2,384.15
C[Si](C)(C)O[Si](C)(C)O[Si](C)(C)C,193.15
O=CC(=C)C,192.15
SCc1ccccc1,243.15
CCN(CC)c1ccc(Br)cc1,311.15
CC(C)(C)c1ccccc1,215.35
c1ccc2cccnc2c1,258.37
Cc1ccc(O)c(C)c1,297.65
CC=CC(C)C(C)C=CC,208.35
ClCC(Cl)(Cl)C(Cl)(Cl)Cl,299.15
O1CCN(CC1)Cc2ccccc2,467.15
C1=CCCC=CCC1,216.75
CCCCCCCOC(=O)CCCCCCC,262.55
C=CCCCC,133.45
CCSCC,169.25
CN1CCCCC1,255.05
c1ccc(cc1)Nc2ccccc2,326.05
CCc1cnccc1,196.25
CCc1c(CC)c(CC)c(CC)c(CC)c1CC,402.15
Clc1cc(Cl)c(N)c(Br)c1,356.65
O=Cc1c(C)cc(C)cc1C,287.15
Nc1ccc(C)c(Br)c1,299.15
N#Cc1ccccc1N,324.15
ICCC,171.85
C=CCCCC(=O)O,236.15
ClCc1ccccc1Cl,256.15
CN(C)c1ccccc1N(C)C,282.05
c1ccc(cc1)c2ccc(cc2)c3ccccc3,483.25
CCS(=O)(=O)CC,346.65
ICCCCCCCCCCCCCCCCCC,307.15
CCc1ccc(C)c(C)c1,206.25
Cc1cnc2ccccc2c1C,346.65
OCc1cccc(C)c1,253.15
CC(C)c1cccc(C)c1O,258.65
O=C1CCc2ccccc12,315.15
O=C(O)C(Cl)Br,304.65
CCCc1cccc(CCC)c1O,300.15
CC1NCCCC1,268.55
OCC(=O)C,256.15
O=C(NNc1ccccc1)c2ccccc2,441.15
Clc1ccc(cc1)S(=O)(=O)Sc2ccccc2,186.35
C1CCc2c(C1)ccc3CCCCc23,289.85
O=C1CCCC1C2CCCC2,260.15
Brc1ccccc1N,305.15
ClCC(=C)CCl,259.15
CCCCC(CC)COC(=O)CCCCC(=O)OCC(CC)CCCC,205.35
O=C(C)OC(C)CC(C)C,209.15
Brc1cc(C)c(C)cc1C,346.15
CCCC(C)C,119.45
CCOC(=O)CN,419.15
CCc1cccc(CC)c1,189.25
CCCCCCCCCCCCCCCC(=O)OC,611.0
CCOP(OCC)OCC,193.15
O=S(C)c1ccccc1,305.15
Sc1ccc2ccccc2c1,354.15
CCCCCCCCCCCCCCCCCCCCCCCCCCCCCCCCCCCCCC,351.8
NCCCCCCCCCCC,290.15
Cc1ccc2N=C(C)Nc2c1,476.15
SCC,125.35
IC,206.75
O=C(C)Nc1ccc(N)cc1,439.65
CCC1CCC(C)C1,165.15
N1CCNCC1,379.15
BrCC(Br)C,217.95
CCCCCOCCCCC,204.15
C=CCCCCCCCCCCCCCCC,284.65
C=CCOCC=C,267.15
O=N(=O)c1ccc(C)c(N(=O)=O)c1N(=O)=O,385.15
Cc1ccc(Cl)c(Cl)c1,257.95
CCCCCCC(=O)OCCC,209.65
COc1ccccc1C,239.05
CSC(=O)c1cccc2N=NSc12,406.05
CCOc1cc(Cl)c(N)c(Cl)c1,319.15
CC1=CC=C(C)S1,210.55
O=C(c1ccccc1)c2cnccc2,311.15
O=N(=O)c1cccc(Cl)c1Cl,334.65
N#Cc1ccnc2ccccc12,376.65
CCC=CCC,183.15
BrCc1ccccc1,270.15
C1CCC(=CC1)c2ccccc2,262.15
OCCCCCCCCC,268.15
COc1ccc(I)cc1,326.15
C=CC(=O)O,286.65
Cc1cc(cc(c1)N(=O)=O)N(=O)=O,366.15
Cc1ccc(Cl)c(c1)N(=O)=O,280.15
C#CCCCC#C,188.15
Oc1c(cc(cc1C(C)(C)C)C(C)(C)C)C(C)(C)C,404.15
ClCC(=C)Cl,283.15
CC1=CCC2CC1C2(C)C,209.15
NCC1=CC=CO1,203.15
CCC(CC)CC,154.55
Clc1cc(Cl)c(O)cc1O,386.15
CNc1ccccc1,216.15
OCc1ccc(cc1)C(C)C,301.15
OCC#CCO,323.15
CC1=CSC(C)=C1C,246.95
Cl[Si](Cl)C,180.15
Oc1cccc(c1)N(C)C,359.15
O=C(Nc1ccccc1)Nc2ccccc2,512.15
CCCCCCCCCCCCCCCCCCCCCCC,320.75
C1CCC(CC1)OC2CCCCC2,237.15
N#Cc1ccccc1C,259.65
O=C(S)C,256.15
COC(C)C,127.93
COc1cccc(F)c1,238.15
C1CC1,145.75
CCCCCC(=O)c1ccc(O)cc1O,330.15
c1ccc2Cc3ccccc3Sc2c1,401.65
C=Cc1ccc(CC)cc1,223.45
ICCCCCCCC,227.45
Clc1ccc2cccc(C)c2n1,334.15
FC(F)(F)C(F)(F)C(F)(F)C(F)(F)F,144.95
CCOC(=O)C=C,201.95
O=C1CC2CCCCC2C1,283.15
Cc1cc(C)c(O)c(C)c1,346.15
C1CCc2ccccc2C1,237.45
CCC(Cl)C(Cl)C,195.85
CCC(c1ccccc1)c2ccccc2,286.45
O=N(=O)c1cccc(Cl)c1C,310.95
OCC(F)F,244.95
Oc1ccc(cc1)N(=O)=O,386.95
C=C(C)CCC=C(C)C,203.15
CCC=CC(C)C,131.55
CCOc1cccc(c1)N(=O)=O,309.15
O=Nc1ccc(cc1)Nc2ccccc2,416.15
CCCCCCCC(C)C,198.55
N#Cc1ccccc1OC,297.65
OCC(O)C(O)CO,394.65
COC(=O)c1ccc(C)cc1C,271.15
CCOc1ccc(C=O)cc1,286.65
NCCN,284.25
O=C1CCC=C(C)C1,252.15
Cc1ccc2CC(C)CCc2c1,293.15
Nc1cccc(C)c1C,275.65
C1CCN(CC1)c2ccccc2,277.85
CCCC(CC)c1ccccc1,217.75
COC(=O)c1ccc2ccccc2c1,350.15
CN(C)c1c(C)cccc1C,237.15
O=C(C1=CC=CS1)C2=CC=CS2,363.15
CCc1cccc(O)c1,269.15
CCc1cccc(c1)N(=O)=O,235.25
O=Cc1ccc(Cl)cc1,320.65
NC1CC1,237.75
O=C1OC(=O)C(C)C1,307.15
CCCCCCCCCCCCOC(=O)C,274.45
Cc1cccc(c1)C(=O)Cl,250.15
C1=CCc2ccccc2C1,298.15
O=C(O)c1cccc2ccccc12,434.15
CC1=Nc2ccccc2S1,287.15
CN(C)c1ccc2ccccc2c1,325.65
ClC(Cl)C(F)(F)F,166.15
CON(=O)=O,190.65
CN1C=CC=C1,216.15
ClC(Cl)C(Cl)(Cl)Cl,244.15
CCCC(=O)OC,187.35
COc1cccc(C)c1C,302.15
N#Cc1ccc2ccccc2c1,339.15
OCCc1ccccc1C,275.15
O=Cc1ccc(OC)cc1,273.15
Clc1cc(Cl)cc(C)c1,299.15
ClCC(F)(F)F,167.65
CCC(C)c1cccc(C(C)CC)c1O,231.15
O=Cc1ccccc1C,238.15
O=C1C=Cc2cc(C)ccc2O1,349.65
O=C(O)C1CCC1,271.15
CCCCCCCCOC(=O)CCC,217.55
BrCC(Br)Br,243.85
O=S(F)F,143.65
IC(C)C,183.15
c1ccc2cc3c4ccccc4c5ccccc5c3cc2c1,479.15
Oc1cccc(O)c1C,393.15
OCCC(C)(C)C,213.15
n1ccccc1,231.55
CCCCC(C)C(C)C,157.15
CCCCCC(O)CCCCC,298.15
O=CCC(C)C,222.15
c1cc2ccc3ccc4ccc5ccc6ccc1c7c2c3c4c5c67,710.45
OCC(O)CO,291.35
O=C(c1ccccc1)C(O)c2ccccc2,410.15
c1ccc(cc1)C=Cc2ccccc2,396.15
CCc1cnc(C)cc1,202.25
CCOC(=O)c1ccc2ccccc2c1,305.15
COC(=O)c1ccccc1N(=O)=O,260.15
ICCCCCCC,224.95
Brc1cccc(O)c1,306.15
ClCCOCCCl,221.25
BrCCCCCCCCCCCCCCCC,291.15
BrC(Br)F,195.15
Fc1ccccc1F,239.15
Brc1cccc(c1)C(F)(F)F,274.15
CCCCCCCCCCCCCCCCC,295.15
CCCCC(CC)C(=O)O,214.15
O=N(=O)c1ccccc1C,263.15
O=C(Cl)C1=CC=CO1,271.15
FCCCCCCCCC,274.15
CC(C)C1CCCCC1,183.75
CC=C1CCCC1,143.65
Oc1cccc(c1)C(C)C,299.15
ClCc1cccc(CCl)c1,307.35
CC(C)c1cc(cc(c1)C(C)C)C(C)C,265.75
c1ccc(cc1)NNc2ccccc2,404.15
OOCC,173.15
O=C(O)C1CC=C(C)C1(C)C,313.65
CCCCCC=CCC=CCCCCCCCC(=O)OC,639.0
CC(C)c1ccccc1C,201.65
Cc1ccc(C(C)C)c(C)c1,191.15
BrCCBr,283.05
O=C(C)c1ccc(C)c(C)c1,270.15
Clc1ccc(Cl)cc1,325.85
ClC(Cl)Cl,209.55
CCCS(=O)(=O)CCC,302.65
OCCN(C)CCO,252.15
CCCCC,143.45
CO[Si](OC)(OC)OC,271.15
CCCCCCCCCc1ccccc1,249.15
CCCCCCC(=O)CCCCCC,306.15
O=CCc1ccccc1,306.65
CCCc1ccccc1O,280.15
CCCCCCCCCCCCCC,278.95
CCCCCCCCCCCCCCCCC(=O)O,635.15
CC(C)CCC(C)C,182.15
Oc1cccc2CCCCc12,343.15
CCCCC(C)C(O)C,159.15
Nc1ccc(N=Nc2ccccc2)c(N)c1,391.65
CCCCCCCCCCCC,263.55
CCC(N)(C)C,168.15
O=C(O)C=Cc1ccccc1,406.15
OCC1CCCN2CCCCC12,343.15
CC(C)OC(=O)C=CC(=O)OC(C)C,275.25
CCC(CC)C(=C)C,160.25
COc1ccc(cc1)N=Nc2ccccc2,329.15
Cc1ccnc(C)n1,269.15
C=C(C)CC(C)(C)C,179.65
CC=CC(=O)O,345.15
Clc1ccc(Br)c(Cl)c1,299.15
ClC=CC,138.35
Clc1ccc(Cl)c(C)c1,278.15
CC(C)COC(=O)C(C)C,192.45
Nc1ccc(O)cc1,460.65
CCCCCCCCCCCCCC(=O)OCC(COC(=O)CCCCCCCCCCCCC)OC(=O)CCCCCCCCCCCCC,329.65
CCCCCCCC(=O)OCCCCC,238.35
CCCCCCCCCCCCCCCCCc1ccccc1,305.15
BrCCCCC,178.15
CCCCCCCCOC(=O)CCCCC,245.15
CCCCCC(=O)N,374.15
c1ccc2Sc3ccccc3Nc2c1,460.65
N#Cc1cccc(Br)c1,312.65
OCCOCCOCCO,266.15
Brc1ccc2CCc3cccc1c23,325.15
BrCCc1ccccc1,207.45
CCC(C)(C)C(C)C,172.25
ClCC(Cl)(Cl)Cl,202.95
O=C(O)C(C)C(C)C,271.65
O=C(O)C(Cl)=C(Cl)Cl,349.15
Clc1ccc(Cl)c(O)c1,332.15
O=C(C)OC1CCCC1,286.65
CN(C)c1ccc(cc1)C(=N)c2ccc(cc2)N(C)C,409.15
CCC(CC)(CC)CC,240.05
Cc1ccc(cc1)S(=O)(=O)c2ccc(C)cc2,432.15
O=N(=O)OC(C)C,190.81
O=C(O)C(F)(F)F,257.95
CC(C)C(O)(C)C,259.15
O1COCOC1,333.35
O=C1OCCO1,312.65
O=C(C)N(C)C,253.15
CCOC(=O)C(C(=O)OCC)C(=O)OCC,302.15
Clc1cccc2ncccc12,318.15
CCCOc1ccccc1,246.15
n1ccncc1,328.15
BrCCCCCCCCCC,243.95
c1ccc(cc1)C2=Nc3ccccc3S2,388.15
ClCC(O)CCl,269.15
O=C(c1ccccc1)C2=CC=CS2,329.65
CCC(C)c1cc(cc(N(=O)=O)c1O)N(=O)=O,313.15
CCCCCCCOC(=O)CCCCC,238.75
CC(C)C(O)C(C)C,203.15
C#CCCC,183.15
Cc1ncccn1,269.15
OCCOCCCCCC,228.05
CCCC(=O)C(=O)O,279.65
CCCCN(C)C,213.15
O=C(C)OCCCCOC(=O)C,285.15
CC1CCC(C)C1,139.15
CCCCCC(=O)OCCC,204.45
CCOc1cccc(F)c1,245.65
NCCCC(C)C,178.75
OC1CCCCCC1,275.15
COc1ccccc1,235.65
O1CC1C2OC2,276.15
Oc1c(C)c(C)c(C)c(C)c1C,401.15
OCCOCCCC,198.35
ICC(C)C,180.15
N#Cc1cccc(C)c1,250.15
CC1=CCCCC1,152.75
O=N(=O)c1ccccc1N(=O)=O,391.65
O=N(=O)C1CCCCC1,239.15
O=C(Cl)c1ccccc1Cl,269.15
CC=CCCC,175.15
O=Cc1cccc(Cl)c1,290.65
O1COCC1,178.15
ClC(Cl)(Cl)CC(Cl)(Cl)Cl,246.15
Cc1cc2CCCCc2cc1C,283.15
ClC1=C(Cl)C(Cl)(Cl)C(Cl)=C1Cl,264.15
N#Cc1ccccc1C(F)(F)F,291.15
Fc1c(F)c(F)c2c(F)c(F)c(F)c(F)c2c1F,360.65
Cc1ccc(cc1)Cc2ccc(C)cc2,301.15
NC(C)C,178.05
CCCOC(=O)c1ccccc1O,370.15
C1COC(OC1)c2ccccc2,314.15
NC(c1ccccc1)c2ccccc2,307.15
Clc1cccc(Cl)c1Br,338.15
O=Cc1cccc(C=O)c1,362.65
CCOC(=O)CCl,252.15
O=C(C)CC(C)(C)C,209.15
CCCCCCCSCCCCCCC,343.15
ClC(C(Cl)(Cl)Cl)C(Cl)(Cl)Cl,284.15
CCCOC(=O)C,180.15
COC(=O)c1ccccc1NC,292.15
CCCCCC(=O)OC,422.65
CCOC(=O)N(c1ccccc1)c2ccccc2,345.15
ClCCCOc1ccccc1,285.15
Cc1cccc2cccnc12,193.15
Cc1cc(cc(c1O)C(C)(C)C)C(C)(C)C,324.15
CC1=CC=CS1,209.75
ClCC1CC1,182.25
O=C(Cl)C=Cc1ccccc1,309.15
Brc1cccc(c1)N(=O)=O,329.15
C#CC=CC=C,192.15
CCCCOC(=O)c1ccccc1O,267.25
CCCCCCC(O)CCCC,269.65
CCCCC(=O)O,239.15
ClC(Cl)(F)c1ccccc1,246.35
COc1cc(OC)cc(OC)c1,327.65
C=CC1=CC=CO1,179.15
CCCCCCC(c1ccccc1)c2ccccc2,287.15
CC12C=CC(CC1)C2(C)C,386.15
CCc1ccccc1O,291.15
BrCC(CBr)(CBr)CBr,436.15
N#CC(=O)c1ccccc1,305.65
CCCCCCCCCCC,247.55
C=C1CCC1,138.45
CC=CC(=O)OC,231.15
CCCC=CC,175.15
c1ccc2c(c1)Nc3ccccc23,519.35
O=C(O)CCCCC1SSCC1,333.65
BrCC(Cl)(Cl)Br,247.15
CCOC(=O)OCC,230.15
CSCC,167.25
Cc1cccc(N=Cc2ccccc2)c1,304.15
CCCC(c1ccccc1)c2ccccc2,300.15
OCC(F)(F)F,229.65
CCCOC(=O)CC,197.25
COS(=O)(=O)F,178.15
Oc1cccc(c1)C(=O)C,369.15
NCCCCCCCCCCCC,301.45
Ic1cccc(C)c1,245.95
C=CCCCCCCCCCCCCCCCCCC,301.65
CCCC(C)C(C)C,152.0
CCCCCCCOC(=O)CCCCCC,240.15
CCOC(=O)c1cnccc1,281.65
CNc1cccc2ccccc12,447.15
COC(=O)c1ccc(O)c(OC)c1,337.15
NCCCCC,218.15
CCCCCCC(=O)OC(=O)CCCCCC,260.75
N#Cc1ccc(C)cc1,302.65
CCCCCCCCCCCCCCCC(C)C,278.85
CCC(C)c1ccccc1O,289.15
Clc1ccc(N)c(Cl)c1,336.65
Cc1ccc(N)c(C)c1,258.85
NCCCCCC,250.25
Brc1ccc(Br)c(C)c1,278.75
O=N(=O)c1cccc(c1)N(C)C,333.65
CCc1ccccc1,178.25
C#CC(O)C,270.15
CCOOCC,203.15
CCCC(C)c1ccccc1,203.15
Clc1c(Cl)c(Cl)c2Oc3c(Cl)c(Cl)c(Cl)c(Cl)c3Oc2c1Cl,603.15
BrCCCCCCCCCCCCCCCCC,305.15
Cc1ccc(cc1)c2ccccc2,322.65
ClC=C(Cl)C(Cl)=CCl,269.15
C#CCCCCCCCCCC,254.15
c1ccc(cc1)C2OC(c3ccccc3)=C(c4ccccc4)C2c5ccccc5,448.15
OC(C)(C)C(O)(C)C,316.15
O=C(O)C1=CCCc2ccccc12,398.15
CCC(=O)C(=C)C,203.65
NCCCCCCCCCCCCCCC,310.45
CC1=NNC(C)=C1Cl,390.65
CCC(=C)CC,141.65
ClC#CCl,207.15
BrCC(Br)CBr,290.05
NCC(O)C,298.15
c1ccc(cc1)OP(Oc2ccccc2)Oc3ccccc3,298.15
C#CCCCCCCCCCCCCCCCC,295.65
COC(=O)c1cccc(I)c1,327.65
C[Si](C)(C)O[Si](C)(C)O[Si](C)(C)O[Si](C)(C)O[Si](C)(C)O[Si](C)(C)C,214.15
Nc1cccc(N)c1N,376.15
CC1CCCCC1C,223.25
CC(C)c1cccc(c1)C(C)C,210.05
Clc1ccc2ncccc2c1,316.95
CCC(=O)Cl,179.15
O=C(Br)c1ccccc1,249.15
O=N(=O)C(C)C,181.85
FC(F)(F)C#CC(F)(F)F,155.75
CCCCCCCCCc1cccc2ccccc12,281.15
Oc1ccc(C)c(Cl)c1,328.65
Cc1ccccc1c2ccccc2,272.95
FCCO,246.75
c1ccc(cc1)C(c2ccccc2)=C(c3ccccc3)c4ccccc4,498.15
OC(c1ccccc1)c2ccccc2,342.15
Clc1nccc(C)c1,388.15
BrC1=CC(Br)=C(Br)S1,302.15
Brc1ccccc1Br,280.25
CCc1c(C)cccc1C,256.95
ClC(Cl)Br,216.15
CCCCc1ccccc1O,253.15
O=C(N)c1ccccc1,402.25
O=C(C)Oc1cccc(C)c1,285.15
Brc1cccc(C)c1,233.35
O=C(Cl)c1ccccc1,272.15
CCCCCC(O)CC,228.15
Brc1ccc(O)cc1,339.55
ClC=C(Cl)C(F)(F)F,163.95
ClC(Cl)=C(Cl)C(Cl)(Cl)Cl,200.25
COc1ccc(cc1)C(=O)OC,322.15
CCOC(C)OCC,173.15
Cc1cc(C)c2ccccc2c1,267.15
Clc1cc(N)c(Cl)c(c1)C(=O)O,473.15
Brc1ccc(Br)c(Br)c1,317.65
OCCN(CC)c1ccccc1,310.15
CC(C)OP(=O)(F)C,216.15
BrBr,265.9
C=CCCCCCCCCC(=O)O,297.65
O=C(Cl)c1ccc(cc1)C(=O)Cl,356.65
Brc1cc(Br)cc(O)c1,354.15
CC=CCC(C)C,148.85
CCCOCOCCC,175.85
Cc1ccccc1OP(=O)(Oc2ccccc2C)Oc3ccccc3C,284.15
CCCOC(=O)CCC,177.95
CCCCCCC(O)CCCCC,303.15
c1ccc2Sc3ccccc3Sc2c1,432.45
COC(=O)OC,273.65
O=C1C=COC1C,291.15
CCC#CC(C)C,156.45
CCCCC(C)(C)C,152.05
CCCON(=O)=O,173.15
N#CCC(=O)OCC,250.65
Oc1ccc(cc1)C(C)C,335.45
C=CC,87.95
COC(=O)c1ccccc1C(=O)c2ccccc2,325.15
O=C1CCC(=C1)c2ccccc2,250.15
C=C(Br)C,147.15
O=N(=O)C,244.65
OCC#CC,270.95
ClCCI,257.55
Clc1ccc(Cl)c(Cl)c1Cl,320.65
Nc1ccc(cc1Cl)c2ccc(N)c(Cl)c2,405.65
OCC(O)c1ccccc1,340.65
NCCCCCCCCCCCCCC,356.25
CN(c1ccccc1)C(=O)N(C)c2ccccc2,395.15
Cc1c(C)c(C)c(C)c(C)c1C,439.65
C[Si](C)(C)C#C[Si](C)(C)C,299.15
Cc1cccc(C)c1O,318.85
O=C(O)Cc1ccccc1,349.85
CCCCCCCCC(=O)OC,486.65
N#CC(C)OC(=O)C,198.15
C1CCCCCCC1,287.95
CCC(C)C(C)(C)C,160.95
O=N(=O)c1cc(N(=O)=O)c(cc1C)N(=O)=O,377.15
c1ccc(cc1)N2CN(CN(C2)c3ccccc3)c4ccccc4,417.15
CCCCC=CC,164.0
c1ncc(cc1)c2cnccc2,341.15
O=C(C)OC(=O)C,200.15
Nc1cc(C)c(C)cc1C,341.15
O=C1CCC(=O)N1Cl,423.15
Cc1ccc2N=C(C)C(C)c2c1,394.65
C1=CC2CCC1C2,318.15
CCCCC1CCCC1,165.15
ON=CC,318.15
c1cc2cccc3C=Cc(c1)c23,365.65
C1=CC=CS1,233.75
CCCCOC(=O)C=CC(=O)OCCCC,188.15
CCC1CCC(C)CC1,192.35
Clc1cccc(C)c1,225.35
C=COC=C,172.15
Cc1ccc(Cl)c(O)c1,329.15
COc1ccc(C)c(N)c1,320.15
ClC(Cl)(F)F,115.15
O=N(=O)N(C)C,331.15
O=C(Cl)C(=C)C,213.15
COS(=O)(=O)Cl,203.15
CCCCCCCCOCCCCCCCC,265.55
O=C1CCCN1C,249.15
Brc1ccc(cc1)Oc2ccc(Br)cc2,333.65
O=COCCCC,181.65
OCc1ccccc1C,311.15
Brc1ccc2ccccc2c1,332.15
CCC(Br)CC,146.95
O=C(N)CC(C)C,410.15
NCc1ccccc1,283.15
Oc1ccc2cccc(Cl)c2c1,374.15
Nc1ccc(cc1)Oc2ccc(N)cc2,462.15
c1ccc2C=NNc2c1,421.15
c1ccc2c(c1)ccc3c2ccc4c5ccccc5ccc34,641.15
CCSSCC,171.65
CCCOCC(O)C,193.15
O=C=Nc1ccc(C)c(N=C=O)c1,293.65
CCc1cccc2CCCCc12,228.65
CCCCC=CCCCCC,196.15
FCF,137.15
CNC(=O)c1ccccc1,355.15
CCCCC(CC)COP(=O)(Oc1ccccc1)Oc2ccccc2,193.15
O=N(=O)c1cccc(N(=O)=O)c1C,339.15
O=C(C(Cl)(F)F)C(F)(F)F,140.15
FC(F)C,156.15
Clc1ccc(C)cc1,280.65
FC(F)OC(Cl)C(F)(F)F,321.65
NCCCCCCC,255.15
CCC(=O)Nc1ccccc1,378.65
Brc1cc(Br)c(C)c(Br)c1,343.15
CCCCCCC(=O)OCCCC,205.65
CCCCCCCCCc1ccc2ccccc2c1,285.15
CC=Cc1ccc(O)c(OC)c1,263.15
CCCCCC(=C)C,183.15
C#CCCCCC,192.15
O=C(OC(Cl)(Cl)Cl)C(Cl)(Cl)Cl,307.15
CCCCCCOC(=O)CCCC,210.05
CNC(=O)C,301.15
COC,131.65
CCCCc1cccc2ccccc12,253.35
Clc1cc(Cl)c(Cl)c(Cl)c1Cl,359.15
O=C1c2ccccc2c3ccccc13,357.15
COP(=O)(OC)OC=C(Cl)Cl,279.15
CCOC(=O)C(=O)CC(=O)C,291.15
CC(C)c1ncccc1,132.15
Fc1cccc(O)c1,286.85
N#Cc1cccc(N)c1,327.45
O=S(Cl)Cl,168.65
O=NN(C(C)C)C(C)C,321.15
CCc1ccccc1Br,205.25
CCCCCCCCCC(=O)Cl,238.65
O=C(C)OC(C)C,199.75
Clc1cccc(Br)c1,251.65
CCCCC=CCC,147.15
Nc1ccccc1c2ccccc2,324.15
Clc1ccc(cc1)C(C)c2ccc(Cl)cc2,329.15
CCCCCCCC(=O)OC(=O)CCCCCCC,272.15
CC1CCCCC1(C)C,244.15
Cc1cccc2C=CNc12,358.15
O=C(Cl)CCC(=O)Cl,293.15
OCCOCCOCCCCCC,233.15
FCc1ccccc1,238.15
ClCC(=O)C,228.65
CC1=C(C)c2ccccc2N1,379.15
Clc1ccccc1Cl,256.45
Oc1cccc2cccnc12,348.65
OCC(O)C(O)C(O)CO,366.65
CCCCOCCOCCOC(=O)C,241.15
CCCCC=CCCCC,200.15
CCC(S)CC,162.35
Cc1cccc2c(C)cccc12,355.15
CCCCCCCCC=CCCCCCCCC(=O)O,318.15
ClCC(F)(F)C,216.95
CCCCCCCCCCC1CCCC1,251.15
CC(CC1CCCCC1)C2CCCCC2,251.15
O=CC1CC=CCC1,275.15
CCCCOC(=O)C(O)C(O)C(=O)OCCCC,295.15
CCC(C)CC,110.25
ClC1=C(Cl)C2(Cl)C3C4CC(C5OC45)C3C1(Cl)C2(Cl)Cl,448.65
C=Cc1ccc(Cl)cc1,289.05
Cc1ccc(C)c(c1)N(=O)=O,248.15
OCC(N)CC,271.15
CCNc1ccccc1,209.65
Clc1ccc(N)c(Cl)c1Cl,346.15
CNC,180.95
CCCCCCC(O)CCC,262.15
SCCCC,157.45
C#CCO,221.35
O=C(C)CC(=C)C,200.55
CCOC(=O)c1ccccc1C(=O)OCC,232.65
O=C(O)CCCC(=O)O,370.95
Clc1cccc(C)c1Cl,279.15
OC1(C)CCCC1,309.15
CCCCCCCCCCCCCCCC(=O)O,612.15
N#CCCC,161.25
CCOc1ccc(Cl)cc1,294.15
CCc1ccc(C)cc1C,210.25
CCC1CC1,123.95
O=S(=O)(Cl)O,193.15
O=C(C)C1=CCSC1,333.15
CC1CNCC(C)O1,185.15
FC(F)=C(Cl)C(F)(F)F,143.15
O=C(O)CCC(C)C,240.15
O=C(F)c1ccccc1,245.15
CC(C)(C)Oc1ccccc1,249.15
ClC(F)F,115.75
O=C1CCC(=O)N1C,344.15
CCOCCOCCOCC,228.15
COc1ccc(cc1)N(=O)=O,327.15
Fc1cc(F)cc(c1)N(=O)=O,290.15
BrCCCCCCBr,270.85
O=CC=CC,197.15
ClCc1ccccc1,228.15
CCNC(=O)NCC,385.65
OCC(N)(C)C,298.65
SCCCCCCCCCC,247.15
ClC(F)(F)C(Cl)(Cl)C(Cl)(F)F,230.25
C=CCC=C,124.35
SC(C)C,142.65
O=N(=O)c1ccc(Cl)c(Cl)c1,316.15
Clc1ccc(Cl)c(I)c1,295.15
CCCCCCCCCCCCCCCCCCCC1CCCCC1,318.15
C[Si](C)(C)O[Si](C)(C)C,207.15
CCC(C)(CC(=O)O)CC(=O)O,360.15
CCCCCCCCCCCCC(=O)O,585.55
O=C(C)OC(=C)C,180.25
C=C[Si](Cl)(Cl)Cl,178.15
COc1ccc(cc1OC)C(=O)C,324.15
C=C=CC,136.95
CCOc1ccc2ccccc2c1,310.65
CCc1cc(O)cc(C)c1,324.75
Nc1ccc(F)c(Cl)c1,318.65
Clc1cccc(O)c1,305.75
CCCCCCCCCCCCCCCC,291.25
O=N(=O)c1cc(Cl)c(Cl)cc1Cl,330.65
O=C(O)C(Cl)(Cl)Cl,330.65
COC(=O)C,175.15
CC(C)(C)c1cccc2ccccc12,261.85
CCOC(=O)C(=Cc1ccccc1)C(=O)C,333.65
COc1cccc(O)c1,256.15
Clc1ccc(cc1)C(C(Cl)Cl)c2ccc(Cl)cc2,382.65
Nc1cnccc1,337.65
O=NOC,257.15
CCCCCCC(=O)OCCCCC,223.15
CC1CCC(C)C(C)C1,189.65
CC(C)=CCCC=C(C)C,198.75
O1CCOCC1,284.95
COCC(O)C,131.15
C1CCC2C(C1)Nc3ccccc23,393.15
OCc1ccccc1N(=O)=O,347.15
O=C(C)Cc1ccccc1,258.15
FCC(F)F,189.15
N#CCC=C,186.15
ClCc1ccccc1CCl,328.15
Oc1cc(Cl)c(Cl)c(Cl)c1,374.15
Nc1ccc(cc1C)c2ccc(N)c(C)c2,404.65
Cc1cc(C)cc(C)n1,227.15
Oc1ccc2c(CCC3C2CCC4(C)C(=O)CCC34)c1,533.35
Brc1ccc(cc1)C(=O)c2ccccc2,355.65
COC(=O)C(Cl)(Cl)Cl,255.65
O=COCCC,180.25
Clc1cccc(N)c1,262.75
CCCCC(CC)COC(=O)C,193.15
O=C(O)C(=C)C,289.15
CCCCCCC1CCCC1,200.15
O=N(=O)CCC(C)C,370.15
CC(C)(C)c1ccccn1,240.15
FCCCCCCCCCC,238.15
C1CCC1,182.55
OCCc1ccccc1,246.15
Nc1ccc(N)c(N)c1,370.45
CCCCCC=CCC=CCCCCCCCC(=O)O,638.35
Cc1ccc(C)c(Br)c1,282.15
Nc1ccc(cc1)Cc2ccc(N)cc2,365.65
CCCCCCC(O)CC=CCCCCCCCC(=O)O,278.65
CCCCCCCCOC(=O)C,234.65
COc1cccc(OC)c1O,329.65
ClCCCO,253.15
O=C(C)C(C)(C)C,220.65
OCC=C(C)CCC=C(C)C,258.15
Clc1ccc(OC(C)C(=O)O)c(C)c1,367.65
Cc1cc(C)cc(c1)N(=O)=O,348.15
BrC(C)C(Br)(Br)C,274.95
C=CCCCCCC,171.45
Clc1ccccc1,227.95
CCOC(=O)CC(=C)C(=O)OCC,331.65
CCCCOCOCCCC,215.05
O=Cc1cc(Cl)cc(Cl)c1,338.15
Nc1ccc(Br)c(C)c1,354.15
CCC(C)CC(O)CC,181.95
CC1=C(C)CCC1,182.75
BrCCCCCCCC,218.15
CCOC(=O)C(=O)OCC,232.55
Cc1cnccc1,255.05
CCCCCCCCCCCCCCCCc1ccccc1,300.15
NC1CCCCC1,255.45
FCCCCCC,170.15
CCN1CCOCC1,209.15
CCCCCCCCC(=O)OCC,500.15
CCOC(=O)c1ccc(F)cc1,299.15
CCCCC(=O)OC,182.15
CCCCc1ccc2ccccc2c1,268.15
O=C(C)N(C)c1ccccc1C,328.65
CCOc1ccc(F)cc1,264.65
OCCCCCCCCCCCCCCCC,322.65
c1ccc2c(c1)c3cccc4cccc2c34,380.95
Cc1cccc(C)c1Cl,238.15
CC1=CC(=O)C(C(=O)C)C(=O)O1,382.15
CCCCOCCOCCOCCCC,213.15
O=N(=O)c1cc(ccc1Cl)C(F)(F)F,270.65
Brc1cncc2ccccc12,314.65
C#CC(O)(C)c1ccccc1,325.45
CCC(C)(C)c1ccc(O)cc1,368.15
O=C(N)C(F)(F)F,345.65
CCCCC(=O)C,217.65
FC(F)(F)C,161.85
CC(C)c1ccc(O)c(O)c1,351.15
NCCCCCCCCCCCCC,300.55
C=CCl,119.45
Brc1cccc(I)c1,263.85
O=C1CCC1,222.25
C=C(C)c1ccc(cc1)C(C)C,242.55
OC(C)(C)C#CC(O)(C)C,368.15
c1ccc(cc1)C2OC2,237.55
OCCOCC,203.15
CC1(C)C2CC3C(C2)C13C,340.65
ClC(Cl)(Cl)C(F)(F)F,287.35
CC1CCCC(C)C1,197.55
C=C=C(C)C,159.55
ON=C(C)c1ccccc1,333.15
O=C(O)C(Br)C(C)C,317.15
Oc1cccc(c1)C(F)(F)F,271.35
C=COC(=O)C,179.95
N1=CC=CN1,341.15
C=Cc1ccccc1OC,302.15
ClCC(=O)c1ccc(Cl)cc1,374.65
Cc1cncc(C)n1,320.65
CCCCOCCCC,177.95
COCC(=O)c1ccccc1,281.15
COc1cc(Cl)ccc1N,325.15
CCCCCCCCCCCCCCCCCCCCCCCCCC,329.55
CCC(CC)C(=O)O,241.35
OC1CCCC(C)C1,267.65
CCCC(=O)N(C)C,233.15
O=C(C)Nc1ccc(Cl)cc1,452.15
O=C(C)c1ccccc1N,293.15
Cc1cncnc1,303.65
O=COCCCCC,199.65
CC1CCCC1,130.65
CSCc1ccccc1,243.15
CC1CCCC1(C)C,251.55
Brc1ccc(C)cc1,301.65
C1CCCCCCCCC1,283.15
CC1OCOCC1,228.65
O=C(O)CCOc1ccccc1,370.65
O=C(C=CC1=CC=CO1)c2ccccc2,320.15
OCCSCC,173.15
Cl[Si](C)(C)O[Si](Cl)(C)C,235.65
CC1=Cc2ccccc2N1,334.15
NCCCCCCCCC,272.15
C=Cc1cccc(C)c1,186.85
Clc1ccc(cc1)Oc2ccc(Cl)cc2,303.15
CC(C)CC(O)(C)C,253.15
Fc1cccc(F)c1,204.15
COc1ccccc1Br,275.65
Cc1ccc(cc1)N=Cc2ccccc2,308.15
O=C(O)C=C(C)C,342.65
Brc1cc(Br)c(O)c(Br)c1,368.65
COC(=O)c1cc(C)ccc1O,272.15
CCCc1ccc(C)cc1,209.55
O1CCCCC1,228.15
N#Cc1ccc(F)cc1,307.95
CCC(C1CCCCC1)C2CCCCC2,249.65
C1CCC(CC1)CCCCC2CCCCC2,285.15
ClCC(=C)C,193.15
CCC(C)C(C)(C)CC,171.95
CC(C)(C)C1CCCCC1,231.95
ClCC(C)(C)C,253.15
Clc1cccc(N)c1C,274.15
O=Cc1cccc(O)c1,381.15
Clc1cccc(N)c1Cl,297.15
Clc1ccc(cc1)CC2CCC(C)(C)C2(O)CN3C=NC=N3,384.65
CCCCCCCCCCC(O)CCC,311.15
Clc1cc(C)c(Cl)cc1C,344.15
C1CCCCCCCCCCC1,333.55
CCc1ccc(CC)c(CC)c1,228.25
BrCCCC,160.75
CC1NC1,208.15
OCC(O)C,213.15
O=C(O)C(Cl)(F)F,298.15
O=N(=O)c1cccc(c1)C(=O)C,354.15
CCC(C(C)C)C(C)C,150.75
O=CCCCCCCC,250.15
Cc1ccc(N(=O)=O)c(C)c1,282.15
CN1CCNCC1,409.15
ClCC(=O)N,394.15
CCCCCCCCCCCc1ccccc1,268.15
CC(C)CC1CCCCC1,178.15
Brc1ccc(cc1)N(=O)=O,400.15
CCCCCCOC(=O)C,192.25
C1CNc2ccccc2N1,372.15
O=C(O)c1ccccc1C,376.85
C#CC1(O)CCCCC1,304.65
C=CC(=C)C,127.25
O=C1OC(=C)C1,266.65
Fc1ccc(cc1)c2ccccc2,347.35
Clc1ncc(C)c(Cl)n1,299.15
CCCCCCCC(=O)N,381.15
ClC=CCl,193.15
Brc1ccc(S)cc1,346.15
C=CCCCCC=C,203.15
Fc1ccc(N(=O)=O)c(F)c1,282.95
O=Cc1ccc(C)cc1O,333.65
CC1CNCCN1,335.15
OCCCc1ncccc1,307.15
COc1cccc(c1)c2cccc(OC)c2,309.15
CCOC(=O)NCc1ccccc1,322.15
ClCCCCl,173.65
CC(C)c1cc(C(C)C)c(cc1C(C)C)C(C)C,391.55
Clc1cccc(c1)C(Cl)(Cl)Cl,273.75
Nc1cccc(N)c1,336.65
O=Cc1ccccc1Br,294.65
CCCCCCCCCC(=O)O,541.85
Cc1ncnc(C)c1,298.15
BrCCCCBr,256.65
CCCC(Cl)C,193.15
OCC,159.05
ClC(F)=C(Cl)C(F)(F)F,136.15
ClCCOC,218.15
CC=Cc1ccc(OC)c(OC)c1,291.15
CCN(CC)C(=O)c1cnccc1,298.15
O=C(C(F)(F)F)C(F)(F)F,148.15
O=C1C=C(N2CC2)C(=O)C(N3CC3)=C1N4CC4,435.9
C=Cc1ccc(Br)cc1,280.85
Oc1cc(O)cc(C)c1,380.65
O=C(O)C(F)F,272.15
O=C(O)CCC1CCCCC1,289.15
OC(C)CC(O)(C)C,223.15
CC1CCC(C)C1C,156.75
O=CC1=CC=C(Br)O1,356.65
CCCCCCCCCCc1ccccc1,258.75
c1ccc(cc1)N2N=CCC2,325.15
OCCCCCCCO,295.65
O=C(C)C(C)C,181.15
CCCCCCCCC(=O)Cl,212.65
COC(=O)C=CC(=O)OC,254.15
C1CCC2CCCCC2C1,230.15
CCCCNCCCC,211.15
O=C(O)C(=O)C(C)C,304.65
O=Cc1cccc(O)c1O,381.15
Cc1ccc2ccc(C)cc2c1,370.15
CN1CC(C)c2ccccc12,415.15
CCCC(C)(C)C(C)C,156.35
C1CCCCC1,279.75
CCCCC(O)C,223.0
OCCCCCCCCCCCC,297.15
c1ccc(cc1)N(c2ccccc2)c3ccccc3,400.15
COC(=O)Cl,212.15
BrCC(Br)(C)C,283.65
N#CCCOC,210.6
C1CCC2CCCC2C1,220.15
C=Cc1ccc(cc1)C(C)C,228.45
CC=Cc1ccccc1,246.05
O=C(C)OC(OC(=O)C)c1ccccc1,319.15
CCCCCCCCCCCCCCCC(=O)OCC(COC(=O)CCCCCCCCCCCCCCC)OC(=O)CCCCCCCCCCCCCCC,897.15
C1CNC(CC1)Cc2ccccc2,305.15
Clc1c(Cl)c(Cl)c(Cl)c(Cl)c1O,447.15
NCCO,283.65
C1CCC2C(C1)CCC3C4CCCCC4CCC23,388.15
CC(C)=CC(C)(C)C,166.85
COS(=O)(=O)C,293.15
ClCc1ccc(Cl)c(Cl)c1,310.65
Cc1cc(cc(C)c1O)C(C)(C)C,355.55
c1ccc(cc1)N2C=CC=C2,335.15
CCCCCCOC(=O)CCCCC,218.15
Oc1ccc(cc1)C2CCCCC2,406.15
OCCN(CCO)CCO,293.65
O=C(C)OCC(COC(=O)C)OC(=O)C,351.15
Cc1ccc(cc1)OC(=O)c2ccccc2,344.65
CCOC(=O)CCCCC(=O)OCC,253.35
OCCCCCCO,318.15
COC(=O)c1ccccc1C(=O)OC,278.65
Oc1cc(O)c(C)c(C)c1,409.15
CC[Si](CC)(CC)O[Si](CC)(CC)CC,199.57
CCC(=O)C(=O)CC,263.15
Cc1ccncc1,276.81
Cc1cccc(C)c1N,284.35
CCC(C)(C)C,174.15
CCCCCCCCC(=O)O,527.65
c1ccc2cc(ccc2c1)Nc3ccc4ccccc4c3,445.35
Oc1c(cccc1C(C)(C)C)C(C)(C)C,312.15
OCCNCCO,301.15
CCCC(=O)OC(=O)CCC,198.15
O=C1C=Cc2ccccc2O1,344.15
CCCCCCCCCCCCCCCCCCC,305.25
N#CCCCl,222.15
c1ccc(cc1)CN2C=NC=C2,342.15
c1ccc(cc1)C(c2ccccc2)c3ccccc3,367.15
ClC(Cl)=C(Cl)Cl,250.85
COC(=O)C(C)C,188.45
Clc1ccc(Cl)c(c1)C(=O)O,427.55
Oc1ccccc1O,378.15
O=C(C)C,178.35
COc1ccc(Cl)cc1,255.15
COc1cccc(N)c1,272.15
COc1ccccc1N(=O)=O,283.65
CCOP(=O)(OCC)OCC,216.75
O=C1C=CC(=O)O1,325.95
C=C(C)C1CCC(O)(C)CC1,305.65
c1ccc(cc1)c2ccccc2c3ccccc3,329.35
O=C1C=CCCC1,220.15
COC(=O)C(=O)OC,327.45
C=CCc1ccc(O)c(OC)c1,265.65
Cc1ccc(N)c(N)c1,362.65
O=CCCCCCCCC,255.15
CCOC(=O)c1cccc(c1)N(=O)=O,320.15
BrC1=C(Br)C(Br)=C(Br)S1,390.65
CCC(O)(C)CC,249.55
N#CCC#N,305.15
OCC(C)(CO)CC,313.45
CCCCCCCC(=O)c1ccccc1,295.95
Clc1ccc(C)c(Cl)c1Cl,316.65
NCCCO,284.15
CCCCCCCC,216.35
CC(C)=C(C)C,198.55
ClC(Br)(F)C(Br)(F)F,323.15
NCCNCCN,234.15
c1ccc(cc1)CCCCc2ccccc2,325.65
ClC(Cl)(F)C(F)(F)F,216.55
BrCc1ccc(CBr)cc1,417.65
c1ccc(cc1)CCc2ccccc2,325.65
COCCN(C(=O)CCl)c1c(C)cccc1C,319.15
CCc1ccc2ccccc2c1,265.75
Oc1ncccc1,380.95
CCC1OC1,123.15
Cc1ccccc1,178.25
c1ccc2c(c1)Cc3ccccc23,387.95
CCC(O)(C)C,264.35
N#CCCC(C)C#N,228.15
SCCCCC,197.45
CCCSC(=O)N(CC)CCCC,251.15
O=C(C)Oc1ccc(OC(=O)C)c(OC(=O)C)c1,372.15
CCOC(=O)CCCCCC(=O)OCC,249.15
C#CC(C)C,183.45
O=C1CC2CCCC(C1)N2C,327.15
CCOCC,156.85
CCOC(=O)CC,199.25
FCCCCCCC,200.15
CCCCCCCCCCCCCCCCCC(=O)OC,625.0
O=C(O)CCCc1ccccc1,325.15
O=N(=O)c1c(Cl)c(Cl)c(Cl)c(Cl)c1Cl,417.15
O=C(C)c1ccncc1,289.15
Oc1ccc(cc1)Cc2ccccc2,357.15
O1CCCC1,164.85
Cc1ccccc1C,247.95
CC(C)(C)c1ccc(cc1)C(C)(C)C,352.65
FCC(=O)OC,238.15
O=C1CCCC(=O)O1,329.45
Cc1ccc(cc1)C(C)C,204.25
CCc1ncccc1,210.05
N#CCCCC,176.95
Nc1cccc(c1)Oc2ccccc2,310.15
CCCCN(=O)=O,191.82
COc1ccccc1Cl,246.35
O=C1CCCCCCC1,302.15
CC1CCS(=O)(=O)C1,274.15
CC1=CNC=N1,329.15
ClC(Cl)=C(F)F,157.15
ClC(Cl)(Cl)C(F)(F)C(F)(F)F,193.15
O=N(=O)c1cc(C)c(O)c(c1)N(=O)=O,359.75
Clc1ccc(Br)cc1,341.15
Oc1ccc(Cl)c(C)c1,340.15
CN1C(=O)c2ccccc2C1=O,407.15
NCCN1CCOCC1,298.75
ClC(Cl)c1ccccc1,256.15
CCCC(=O)c1ccccc1,285.15
N#CC,229.35
OCCN(CC)CC,203.15
O=N(=O)c1ccc(N(=O)=O)c(C)c1,325.65
CCCC(C)CC,154.15
ClCCSCCCl,286.65
N#Cc1ccccc1CCl,334.15
CCCCC(=O)CCCC,267.25
IC(C)(C)C,234.95
OC(C)C(C)(C)C,277.95
Cc1ccc(cc1)N=Nc2ccccc2,344.65
O=C(C)C(=O)C,270.75
O=N(=O)c1cccc(c1)C(F)(F)F,270.75
BrCC(C)c1ccccc1,213.85
CCN(C)C,133.15
C=C1C2CCC(C2)C1(C)C,324.35
CCC(=O)N(C)C,228.15
C1CN2CCN1CC2,432.15
Cc1ncc2ccccc2c1,341.15
C1=CCCCC=CC1,220.15
O=CC=Cc1ccccc1,265.65
CCCC(C)OC(=O)C,173.15
Cc1cncc(C)c1,266.55
Cc1cc(C)c(O)c(c1)C(C)(C)C,295.45
Fc1c(F)c(F)c(c(F)c1F)C(F)(F)F,207.55
O=C1OCC1,239.75
CC=Cc1cccc(OC)c1O,354.15
O=C(C)C1=CCCCC1,346.15
COC(=O)C(Cl)Cl,221.25
CNC(=O)N(C)C,348.65
CC(C)COC(=O)c1ccccc1O,279.05
CNNC,264.15
COc1ccccc1C(O)C,188.05
CCCCOC(=O)C(=O)OCCCC,242.65
Clc1ccc(O)cc1,315.85
O=C1CCCC1C,198.15
O=CC1=CC=C(O1)N(=O)=O,308.65
CC(c1ccccc1)c2ccccc2,255.25
N1CCCC1,215.35
n1ccc(cc1)Cc2ccccc2,285.55
C=Cc1ccccc1,242.15
Nc1ccccc1C(F)(F)F,308.65
O=C(N)C(Cl)(Cl)Cl,415.15
COC(=O)c1ccccc1N,297.65
O=C(O)C1CC=CCC1,290.15
CCOc1ccccc1F,256.45
Brc1ccc(F)cc1,255.75
OCCCCCCCCCC,280.05
NC(C)(C)C,206.25
O=C(O)CCCOc1ccc(Cl)cc1Cl,391.15
C=CCCCCCCCCCCCCCCCCCCCC,311.15
O=N(=O)c1ccccc1,278.85
Brc1c(Br)c(F)c(F)c(F)c1F,285.15
CCCCCCCCCCCCCCCCCCCCCCCCCCCCCCCC,342.85
OCCCO,246.45
CCC(O)CC,204.15
CCCCCCCCCCCCCCCCCCCC,309.95
Brc1cncc(Br)c1,385.15
CCCC(=O)O,267.45
OCCN(C)C,214.15
ClC1CCCC1,223.15
Oc1ccc(cc1O)C(C)(C)C,327.45
CCC(C)(C)C(=O)O,259.15
CCC=CCC(=O)O,285.15
CCCCS(=O)(=O)CCCC,318.15
CCCSc1ccccc1,228.15
OCCCCCO,255.15
BrCCI,301.15
C=CCBr,154.15
c1ccc2cc3ccccc3cc2c1,488.15
O=C(C)OC1CCCCC1,208.15
O=CNC1CCCCC1,312.65
CC1=NN(C(N)=C1)c2ccccc2,389.15
CCc1cccc(c1)C(C)C,253.15
CC(C)(C)OC(C)(C)C,195.0
C[Si](C)C,137.25
ClC(Cl)(Cl)F,162.05
CC(C)c1cc(Cl)c(C)cc1O,336.15
O=C(O)Cc1ccccc1O,421.15
ClC(C)C(Cl)C,193.15
c1ccc(cc1)c2cc(cc(c2)c3ccccc3)c4ccccc4,449.15
N#CC=CC#N,369.95
Cc1ccc2cccnc2c1,312.15
CC(CC(C)(C)C)CC(C)(C)C,206.15
NNc1ccccc1,292.75
CCCCC(C)CC,173.15
CC(C)CC(O)CC(C)C,208.0
N#CCCc1ccccc1,272.15
O=C1c2ccccc2Sc3ccccc13,482.15
CC[Si]CC,138.85
CC(CC1CCCCC1)CC2CCCCC2,273.75
Fc1ccc(I)cc1,246.15
OC(C)CCCC(C)C,168.15
C=CC#CC=C,185.15
OCc1ccccc1N,356.65
COC(OC)OC,288.15
CC(C)c1ccc(O)c(C)c1,281.75
O=C(Cl)N(C)C,240.15
O=C1OC(=O)c2ccccc12,403.95
O=C(O)C1=CCCCC1,311.15
CCCC,134.95
CC1CCCN(C1)C(=O)C,259.55
NCCCCCCN,314.65
Clc1ccc(cc1)C(=O)c2ccc(Cl)cc2,420.65
C1=CCC=CC1,223.95
SCCCCCCCCCCC,270.15
COc1ccc2ccccc2c1,346.65
CCC(=O)C,186.55
CC=CC,133.85
ClC(Cl)C(Cl)(Cl)C(Cl)(Cl)Cl,302.55
BrCC(C)C,154.15
CCNc1ccc2ccccc2c1,509.15
CCCCCCCCc1ccc(N)cc1,293.15
COc1cccc(OC)c1,221.15
C=CCCCCCCCCC(=O)OC,245.65
CCSC(C)C,150.95
Clc1ccccc1Br,260.85
ClC(F)(F)C(Cl)(F)F,179.15
CCCC(C)(C)CC,147.05
O=N(=O)c1ccc(C)c(c1)N(=O)=O,344.15
c1ccc2c(c1)ccc3c4ccccc4Cc23,462.65
C=C(C)C(=C)C,197.15
CCCC(=O)CCC,240.15
CCCCCC(C)(C)C,160.15
ClC1=C(Cl)C(F)(F)C(F)(F)C1(F)F,167.35
CC(C)OP(=O)(F)OC(C)C,191.15
N#CCC(=O)OC,250.65
CC1CCC(C)S1,184.15
OC1CCCCC1C,252.15
CCc1ccc(O)c(OC)c1,266.15
ClC(Br)C(F)(F)F,155.15
CC(C)COC(=O)CCCCC(=O)OCC(C)C,253.15
BrC(Br)C(Br)Br,273.15
Ic1ccccc1I,300.15
Nc1cccc(C)n1,314.15
CCCCCCCCCC(=O)C,288.15
O=C1OC=CC=C1,281.65
OCc1ccc(C)cc1,334.65
CC(C)C(C)C(C)(C)C,152.15
COc1ccc(N)cc1,330.35
C=CC=CCC,170.75
Nc1ccc(C)c(C)c1,324.15
CCOc1ccc(cc1)N(=O)=O,333.15
N#CCCC#N,327.65
N#Cc1ccccc1Cl,319.45
Nc1ccc(Cc2ccc(N)c(Cl)c2)cc1Cl,383.15
COc1ccccc1O,305.15
O=C(C)Nc1ccccc1,387.45
O=C(O)C1CC(=O)C(C(=O)C1)=C(O)C2CC2,417.55
Cc1ccc2cc(ccc2n1)N(C)C,374.15
ClCCCCCl,235.85
CCc1ccccc1N(=O)=O,260.85
O=C1CC2CCC(C1)N2C,316.15
CCOC(=O)C(=O)C,223.15
O=C1Oc2ccccc2C=C1C,364.15
CCCCCCCCCCCCCCCCCCCC(=O)O,673.0
CCOC(=O)Cl,192.55
FC1CCCCC1,286.15
O=C(O)c1ccc2C(=O)OC(=O)c2c1,435.15
COP(=O)(OC)OC,227.15
CN(C)C(=S)N(C)C,352.45
O=C(C)Nc1ccccc1C,383.15
Clc1ccccc1c2ccccc2,307.15
CCC(CC)c1ccncc1,398.65
ClC(Cl)(Cl)C,242.75
O=C(O)CCCCC(=O)O,426.35
N#CC=CC1=CC=CO1,311.15
c1ccc2c(n1)ccc3ccccc23,367.15
O=N(=O)c1ccccc1C(=O)N,449.75
Cc1cc(C)c(C)c(C)c1C,327.65
O=CC1=CC=CN1,319.65
Oc1cc(O)c(C)cc1C,399.65
CCCCCCCCC#CC,243.05
C#CC(O)(C)CC,303.65
Cc1ccc2ccc3ccccc3c2c1,338.15
ClC(Cl)(F)C,169.65
C[Si](C)(C)O[Si](C)(C)O[Si](C)(C)O[Si](C)(C)O[Si](C)(C)C,193.15
Oc1ccc2CCCc2c1,331.15
C=C(C)CC(C)C,149.05
O=C(C)OCCc1ccccc1,242.05
CCCCOC(=O)C(O)C,245.15
ClCCCCCCCCCC,241.85
CC1CCc2ccccc2C1,230.05
N#CCCCCCCCCCCCCCCCC,307.15
O=Cc1ccc(Cl)c(Cl)c1,317.15
O=C(C(C)(C)C)C(C)(C)C,247.95
ClC(Cl)(Cl)C(O)(C)C,370.15
C1CCC(CC1)C2CCCCC2,277.15
Brc1ccc(cc1)C(=O)C,323.65
Nc1ccc(cc1)Sc2ccc(N)cc2,381.65
NCc1ccncc1,265.55
COCC,160.15
c1ccc2cc3ccccc3nc2c1,381.15
Fc1c(F)c(F)c(F)c(F)c1F,278.45
OCCCCCCCC,257.65
CCOc1ccccc1,243.65
c1ccc(cc1)c2c3ccccc3nc4ccccc24,457.15
ClC(=C(Cl)C(F)(F)F)C(F)(F)F,205.85
BrCCCBr,238.95
CC(C)CCCC(C)C1CCC2C3CC=C4CC(O)CCC4(C)C3CCC12C,732.15
OC(C)COCC(O)C,233.15
O=C(C)N(C)c1ccccc1,376.15
OC1CC(C)CC(C)C1,284.75
ClC1CC2CCC1(C)C2(C)C,405.15
Oc1cccc(O)c1O,406.15
OCC(C)C,165.15
OC1CC(C)CC(C)(C)C1,328.95
CCc1ccncc1,182.65
CCC(C)(C)C(=C)C,204.15
COC1CC1,154.15
CCOc1ccc(N)c(N)c1,344.65
N#Cc1cccc(F)c1,257.15
CCCCCOC(=O)CC,200.05
Brc1ccccc1c2ccccc2,274.65
C=CCO,144.15
CC(C)(OOC(C)(C)c1ccccc1)c2ccccc2,313.75
O=Cc1ccc(F)cc1,263.15
CCCSSCCC,187.55
CC1C=CCCC1,157.65
O=C(C)C(c1ccccc1)c2ccccc2,319.15
ClCCCCC(=O)O,291.15
CCOC(=O)c1ccncc1,296.15
O=C(N)Nc1ccccc1,420.15
Oc1cccc(c1)C(C)(C)C,315.45
OCC(C)(C)CO,403.15
Clc1cccc2ccccc12,270.65
O=Cc1ccccc1Cl,285.55
Fc1ccccc1,230.95
ClCCCCCCCCCCCCCCCC,291.05
c1ccc2cc3c(ccc4ccccc34)cc2c1,357.15
OCCC1CCCCC1,253.15
Cc1cc(C)c(C)cc1C,352.45
CCCCCCCCCOC(=O)C,247.15
ClCC(Cl)C,173.15
n1cnccc1,295.15
Cc1ccc2nc(C)cc(C)c2c1,341.15
OC1CCC(C)CC1,263.95
ClCCCC,150.05
CCCCOC(=O)C=C,208.55
O=C1OC=Cc2ccccc12,320.15
ClP(Cl)Cl,161.15
Clc1ccc(Cl)c(c1)N(=O)=O,329.15
ClC(C)C(Cl)(Cl)Cl,209.15
Clc1ccccc1F,230.15
ICI,279.25
C1Cc2cccc3CCC(C1)c23,285.95
ClCc1ccc(OC)cc1,297.65
C=CCc1ccccc1O,267.15
OCCN(=O)=O,193.15
SCCCCCCC,230.15
OO,272.72
CCC(O)C1NCCCC1,394.15
Fc1ccccc1O,289.25
C=C(Cl)C,135.75
Oc1ccc(cc1C(C)(C)C)C(C)(C)C,329.65
Nc1cccc(c1)N(=O)=O,387.15
OCCCCCCCCC=CCCCCCCCC,279.65
Fc1ccc2ccccc2c1,334.15
CCN1C(=O)CCC1=O,299.15
Cc1ccc(C)c(Cl)c1,274.75
CC1CCC(CC1)C(C)C,185.55
OC,175.55
OCCC,147.05
NNC,220.75
CCC(=O)Oc1ccccc1,293.15
CCC(I)C,169.15
CCc1ccc(cc1)C(C)C,253.15
N#CC(Cl)(Cl)F,163.15
BrCC(=O)O,323.15
N#CCc1ccccc1,249.35
ClCCN(C)CCCl,213.15
O=C1CCC(=O)N1,399.65
O=CCC,193.15
O=N(=O)c1cc(C)c(C)cc1C,344.15
CCCCCCCCCCCCCCCCCCCCC,313.65
CCNc1nc(SC)nc(NC(C)C)n1,361.15
CCO[Si](c1ccccc1)(c2ccccc2)c3ccccc3,338.15
CN(C)c1ccccc1C,213.15
CCOC(=O)C(=C)C,198.15
CN(C)P(=O)(N(C)C)N(C)C,280.35
O=C(C)Oc1ccccc1,243.15
COCC(=O)O,280.85
COc1c(F)c(F)c(F)c(F)c1F,236.15
O=S(C)C,291.65
NCCCCCCCC,273.15
CCCCCCCC(=O)OCC(COC(=O)CCCCCCC)OC(=O)CCCCCCC,283.15
OC(C)C(O)C,298.15
Nc1ccccc1,267.15
CCCCC(CC)COC(=O)C=C,183.15
CCCC(C)(C)C(C)(C)C,219.15
CCCC(C)(CC)CC,149.35
Nc1cccc(c1)C(=O)C,371.65
CCCCCCCCCCC(=O)C,294.15
CC1CSCCC1,213.15
CC1SC(C)SC(C)S1,374.15
CCCC(O)C#C,193.15
Oc1cc(C)c(C)cc1C,345.15
CCCCC(=O)c1ccccc1,263.75
Cc1cccc2NC=Cc12,278.15
CCC(CC)C(C)C,158.25
COC(=O)COc1ccccc1,518.15
CCOC(O)C(Cl)(Cl)Cl,329.65
Nc1ccc(cc1)C(C)(C)C,290.15
N#Cc1nc(C#N)nc(C#N)n1,392.15
FCCC,114.15
O=N(=O)c1cccc(N)c1C,365.15
ClCC=CCl,223.15
O=C1OC(=O)C2(C)CCC1C2(C)C,494.15
C#CC(N)(C)C,291.15
O=C(O)CC=Cc1ccccc1,360.15
Cc1ccc(cc1C)C(=O)c2ccccc2,320.65
O=CN1CCCCC1,242.35
C1CC2CCCC2C1,223.82
ICCCCC,187.55
CCOC(=O)c1cccc(Cl)c1O,294.15
NCCC,190.15
CCC(Cl)(C)C,199.65
Cc1cccc2cccc(C)c12,338.15
O=N(=O)c1cccc(N(=O)=O)c1Cl,361.15
CCOC(=O)C(O)C,247.15
COc1ccc(C)cc1OC,297.15
COCCOC,215.15
COC(=O)C(=C)C,225.15
Fc1cc(F)c(F)c(F)c1,225.15
Nc1ccccc1S,299.15
Cc1cccc(c1)N(=O)=O,288.65
O=C(Cl)Cl,145.25
CCCCCCCCCCCCC1CCCCC1,285.65
ClCCCCCCCC,215.35
O=C(C)O[Si](C)(C)OC(=O)C,260.65
O=C(O)CC1CCCCC1,306.15
N#CCc1ccc(OC)cc1,281.15
CCCCCCCCCCCCCCCc1ccccc1,295.15
CC(C)C(C(C)C)c1ccccc1,248.65
Clc1cc2C(=O)OC(=O)c2cc1Cl,461.15
Cc1cc(C)c(C)c(C)c1,249.45
OC(C)(C)Cc1ccccc1,297.15
C#CCCCCCC,193.85
O=C(Cl)C(C)C,183.15
NCc1ccc(C)cc1,285.65
CC=C(C)C=CC=C(C)C,237.75
CNC(=O)NC,381.15
CCCCC(CC)COC(=O)c1ccccc1C(=O)OCC(CC)CCCC,218.15
COCc1ccccc1,220.55
OC(C)CC(C)C,183.15
CCOC(=O)CNc1ccccc1,331.15
CCOC(=O)CCCCCCCC(=O)OCC,254.65
CC(C)c1cccc(C(C)C)c1O,291.15
O=C1C=Cc2ccccc2N1C,347.15
CO[Si](OC)OC,158.15
Cc1ccccc1c2ccccc2C,292.65
Ic1ccc(cc1)c2ccccc2,386.65
O=C(O)CCCCCCC(=O)O,417.15
CCN(C(=O)C)c1ccccc1,328.15
CCCC(C1CCCCC1)C2CCCCC2,262.65
BrC1=CC=C(Br)S1,267.15
CC(C)CSCC(C)C,167.65
c1ccc(cc1)Cc2cccc3ccccc23,332.65
CC1=CC=CN1,237.55
C1=CCCC=CCCC=CCC1,307.15
Brc1c(Br)c(Br)c(Oc2c(Br)c(Br)c(Br)c(Br)c2Br)c(Br)c1Br,568.15
CCCCCCCC(=O)C,265.65
CCC1CCCC1,134.75
Cc1ccc(O)c(c1)C(C)(C)C,324.65
OC1CCN(C)CC1,302.15
Nc1ccccc1N,375.65
NCCCCCCCN,302.05
O=C(C)OCCOC(=O)C,242.15
O=C1N(C)C(=O)N(C)C(=O)N1C,449.65
NCCCCCCCCN,325.15
CCCCCCCCCCCCN(C)C,295.15
CCOc1ccc(I)cc1,302.15
C=CCC(C)CC,131.65
NCCCC,224.05
Cc1ncc(C)nc1,288.15
O=Cc1ccc2OCOc2c1,310.15
BrC(Br)Br,281.15
Cc1cccc(c1)C(C)(C)C,231.75
N#CCc1ccccc1Cl,297.15
CCCCCCCCCCCCC(O)C,307.15
CCc1ccccc1CC,241.95
OCCSCCO,262.95
COc1ccc(O)c(c1)C(C)(C)C,324.15
ClCCOCCOCCCl,241.65
Clc1cccc(c1)Nc2ccccc2,347.15
NCCCN(C)C,213.15
BrCCCCCCCCBr,288.65
Clc1ccc(C)c(C)c1,267.15
CCCCCCCCCCCC(=O)O,572.05
COC(C)(C)OC,226.15
C1=CC=CN1,249.75
CCOc1ccc(O)cc1,339.65
Brc1cnccc1,245.85
CCCCCCCCC,219.65
CCNCC,223.35
BrC(C)C,184.15
FC(F)F,118.05
CCP(CC)CC,185.15
Brc1ccccc1O,278.75
SCCC,159.85
CC1=Cc2ccccc2C1,353.15
ClCC1OC1,215.95
ClC(Cl)(Cl)c1ccccc1,268.15
NC(C)CCc1ccccc1,416.15
O=C(O)C(C)C,227.15
N#CC=CC=C,213.15
Nc1cccc2cc3ccccc3nc12,381.15
CCCCC(CN)CC,197.15
O=N(=O)OCC(CON(=O)=O)ON(=O)=O,286.65
Brc1ccc(O)c(C)c1,337.85
C[Si](C)(C)O[Si](C)(C)O[Si](C)(C)O[Si](C)(C)O[Si](C)(C)O[Si](C)(C)O[Si](C)(C)C,195.15
Cc1cnc2ccccc2c1,289.65
Nc1cccc2CCCCc12,311.15
OC1(C)CCCCC1,298.15
C=CC(=O)OCC(C)C,212.15
ICCCCCC,198.95
N#Cc1c(Cl)cccc1Cl,417.65
Clc1ccncc1,229.65
Cc1cc(O)c(cc1C)C(C)(C)C,319.15
CCC(=O)c1ccccc1,291.75
ClCF,140.15
O=N(=O)c1ccc(F)c(c1)N(=O)=O,298.95
ON=C1CCCC1,330.95
O=C1CCCCC1C,259.15
CCOCCOCCOC(=O)C,248.15
CCCCCCC(C)CCC,195.65
ClC(F)(F)F,92.15
C=CC(C)(C)C(=O)O,267.15
NCCCN1CCOCC1,258.15
CC(Cc1ccccc1)c2ccccc2,325.15
Cc1ccc(cc1)Nc2ccc(C)cc2,352.95
CC1CC1(C)C,134.95
CC(C)=CC=C(C)C,287.15
CC(C)Cc1ccccc1C,199.85
O=C(C)Nc1ccc2c(c1)Cc3ccccc23,466.15
CC(C)SC(C)C,195.05
Oc1ccc(OP(=O)(Oc2cc(O)ccc2C)Oc3c(O)cccc3C)c(C)c1,240.15
O=C(F)F,161.95
Cc1ccc(C)c(O)c1,347.95
Clc1cccc(Cl)c1C,298.95
OCc1ccc(O)cc1,397.65
ClCC(=O)CCl,318.15
COc1cc(Cl)c(OC)cc1Cl,407.15
OCCCCCCCCC=CC,279.15
BrC,179.45
OCc1ccccc1Cl,346.15
CCCCC(CC)CC,158.25
Cc1cc(N)c2ccccc2n1,442.15
OCC(C)CC,203.0
CC=C(C)c1ccccc1,249.65
O=C(Cl)C(=O)Cl,257.15
C=CCc1ccc(OC)c(OC)c1,269.15
O=COCCC(C)C,179.65
N1CCOCC1,268.25
CC(C)(C)OOC(C)(C)C,233.15
n1cnc2ccccc2n1,348.95
N#CCCN(C)C,230.15
Cc1ccc(C(C)C)c(O)c1,324.65
Fc1c(F)c(F)c(F)c(F)c1S,249.15
CC(C)CNCC(C)C,199.65
NCCCCCCCCCCCCCCCCC,322.15
c1ccc2CCCc2c1,221.75
COC(=O)c1cccc(c1)C(=O)OC,340.65
n1ccc(cc1)c2ccccc2,350.65
O=C(O)C=C(Cl)C,334.15
COC(=O)c1cccc(C)c1O,302.15
OCCN(CC)CCO,223.15
COc1cc(C)ccc1O,278.65
Oc1ccc(cc1)c2ccccc2,439.15
Cc1ccc(Cl)c(C)c1,240.65
ClC(F)C(Cl)Cl,273.15
CCCCC#CCCCC,200.15
c1ccc(cc1)Oc2ccccc2,299.95
COC(=O)c1ccccc1C,223.15
Clc1ccc(cc1)c2ccc(Cl)cc2,422.45
Brc1ccc(Br)c2ccccc12,356.15
CCC#CCC,170.15
NCc1ccc(Br)cc1,293.15
C=CC(Cl)CCl,212.15
O=C(O)CN(C)C,458.65
CC1CCCC(C)C1O,305.65
CCCCCCCCc1ccccc1,237.15
CCC(S)C,108.15
Nc1ccc(C)cc1,316.85
COC(=O)CC(=C)C(=O)OC,311.15
N#Cc1c(Cl)c(Cl)c(Cl)c(C#N)c1Cl,523.15
CCCCCCC(=O)c1ccccc1,289.55
C1CCN(CC1)CCN2CCCCC2,272.65
O=C(N)OCC(C)C,340.15
COc1ccc(O)c(C=O)c1,277.15
CCCCOC(=O)NC,332.15
Fc1cccc2ccccc12,264.15
N#CC(O)(C)C,254.15
O=CNc1ccccc1,319.15
C1=CCCCCCC1,261.15
SCCS,231.95
C=Cc1ccccc1Br,220.65
C1CC2CCCC(C1)C2,418.65
S=C1NC=CN1C,419.15
Oc1ccccc1c2ccccc2O,382.15
O=N(=O)c1c(C)cccc1C,288.15
CCCCCCCCCCCCCCC1CCCCC1,297.15
O=Cc1cccc(OC)c1O,317.65
N#Cc1ccccc1,260.45
O1CCC1,176.15
CCCCCCCCCCCCCC(=O)OC,568.15
c1ccc2Cc3ccccc3Oc2c1,373.65
CC=C(C)C(C)C,159.75
CCCCC(O)C(=O)O,334.15
C=CCOC(=O)CC(=O)C,188.15
O=C1C=COC=C1,305.65
OCCOCCOCCOC,229.15
FCC,129.95
COC(=O)CC(=O)OC,211.25
Cc1ccc2N=CCc2c1,333.15
CCCCCC(=O)O,478.35
CCCCCc1ccccc1,198.15
Ic1ccc(I)cc1,404.65
CCCc1ccccc1C,212.85
OCCOCCOCCOCCO,266.95
BrCOCBr,239.15
CCCCCCCCC=CCCCCCCCC(=O)OC,622.0
CCC(C)OC(=O)C,174.25
CC(C)SSC(C)C,204.15
CN1CCN(C)C1=O,281.35
c1ccc(cc1)N=Cc2ccccc2,327.15
OCc1cnccc1,266.65
O=C(Br)C,177.15
Nc1cc(C)nc(C)c1,465.65
Sc1ccc(C)cc1,316.15
Cc1ccc2cccc(C)c2n1,300.15
FF,53.54
C#CC(Cl)(C)C,212.15
O=C(Oc1ccccc1)Oc2ccccc2,356.15
ClC1C(Cl)C(Cl)C(Cl)C(Cl)C1Cl,385.65
C=CCOC(CN1C=NC=C1)c2ccc(Cl)cc2Cl,325.85
COc1cccc(c1)N(=O)=O,311.65
Clc1cccc(c1)c2ccccc2,289.15
O=C(C)OCCOCCOCCOC(=O)C,223.15
C1CCC(CC1)CCC2CCCCC2,284.65
Oc1cccc(c1)Nc2ccccc2,354.65
CN1CCCC1c2cnccc2,194.15
CCCCCCCCC1CCCCC1,253.15
O=N(=O)c1ccc2ccccc2c1,352.15
Sc1cccc(C)c1,253.15
Cc1cccc(c1)Nc2ccccc2,303.15
ClCCCCC,174.15
N#CCCCCCCCCCCCCCCC,304.15
Clc1cccc(O)c1Cl,331.15
CCCCCCCCCCCCCCCCCCCCCCCCCCCCCCCCCCC,348.15
CCCCCCCCCCC(=O)O,553.15
C=CC(Cl)(Cl)Cl,243.15
ClC(Cl)C(Cl)C(Cl)Cl,263.15
Oc1ccc2ccccc2c1Br,357.15
O=C(Cl)N(C)c1ccccc1,361.65
C1CCC2N(C1)CC3CC2CN4CCCCC34,303.65
O=N(=O)c1ccccc1Cl,305.65
CCS(=O)(=O)C(C)(C)S(=O)(=O)CC,398.95
CCCCC(=O)N,379.15
C=CCCC=C,132.45
CCCCCCCOC(=O)CCCC,226.75
CCOC(=O)CC(C)C,173.85
Oc1cccc2ccccc12,368.15
CC(C)(C)OCC1OC1,203.15
O=C(O)CCC1=CC=CO1,331.15
C=CCC,87.85
N#CCCCCCCCCCCCC,282.85
Brc1ccc(Br)cc1,360.45
O=C(C)c1ccc(cc1)c2ccccc2,394.15
CC1=NN(C=C1)c2ccccc2,310.15
Cc1ccc(C(=O)O)c(C)c1,363.15
O=C(C)Oc1ccc(C)c(C)c1,295.15
O=C(CCc1ccccc1)CCc2ccccc2,286.65
O=C1OC(=O)C(Cl)=C1,306.15
C=C1CCC2CC1C2(C)C,211.65
CCOc1cc(C=O)ccc1O,350.65
c1ccc(cc1)CCCc2ccccc2,279.15
C=CC(=O)C,267.15
CCc1ccccc1N,226.65
Cc1ccc2cccc(C)c2c1,259.25
CC1CCC2C1C3C(CCC2(O)C)C3(C)C,378.15
OCCCCCC,228.55
O=C(O)c1ccccc1Oc2ccccc2,386.15
CP(OCCN(C(C)C)C(C)C)OCCN(C(C)C)C(C)C,350.65
CC(C)C(C)C,144.35
CCCCCCCCOC(=O)c1ccccc1C(=O)OCCCCCCCC(C)C,371.15
CC1CCC2CC1C2(C)C,220.15
BrCCCCCCCCCCCCCC,278.75
O=NN1CCOCC1,302.15
O=C(O)C1CCCC1,266.15
CCC(CC)Nc1c(cc(C)c(C)c1N(=O)=O)N(=O)=O,329.15
CCCCCCCCCCCCCCCCCC(=O)OCC(O)CO,347.15
C1CNC(CC1)c2cnccc2,282.15
CCCCOC(=O)c1ccccc1C(=O)OCCCC,238.15
ClCCc1ccccc1,213.15
CCNc1ccccc1C,258.15
OCCCCCCCC(C)C,278.15
C=CCc1ccccc1,233.15
CCOC(=O)CC(=O)C(C)C,264.15
N#CCCCC#N,244.15
BrCC=CCBr,326.55
Nc1ccc(cc1)C2=Nc3ccc(C)cc3S2,467.95
O=C(OC(Cl)(Cl)Cl)OC(Cl)(Cl)Cl,352.15
Clc1cccc2cccnc12,253.15
N1CCCCCC1,236.15
CC(C)(C)SC(C)(C)C,264.15
CN(C)c1ccc(cc1)N(C)C,324.15
O=C1CCC(C)N1,316.15
COc1ccc(C=O)c(OC)c1,345.15
CCC(C(=O)O)c1ccccc1,320.65
O=CC=C,185.45
CCCc1cccc(O)c1,299.15
O=C=Nc1ccccc1Cl,303.65
CCCCCCCCOc1ccccc1,281.15
O=C(O)C=CC(=O)O,403.65
CCCCc1ccccc1,185.25
CCC,85.55
CC1CC(C)CC(C)C1,165.75
FC1(F)C(F)(F)C(F)(F)C2(F)C(F)(F)C(F)(F)C(F)(F)C(F)(F)C2(F)C1(F)F,263.15
c1ccc(cc1)Cc2ccc3ccccc3c2,331.15
O=C1CCCCC1C2=CCCCC2,195.15
CCC(C)c1ccc(O)cc1,334.65
C=Cc1ccccc1C,204.65
CCCC1CCCCC1,178.25
OCC(CO)ON(=O)=O,327.15
COC(=O)C(F)(F)C(F)(F)C(F)(F)F,187.15
O=C(N)OC(C)C,366.15
C1CCC(CC1)NC2CCCCC2,273.05
O=S(=O)(F)F,137.33
FCC(F)(F)F,172.15
OCCCCC,194.25
O=C(C)OCCC(C)C,194.65
C=C1CCCCC1,166.45
CC=CCCCC,163.65
OCCOC,188.05
Nc1ncc(C)cc1,349.65
CCCCCCCCCCCCCCCC1CCCCC1,302.15
Oc1cccc(c1)C(O)C(N)C,380.65
O=C(Cc1ccccc1)c2ccccc2,333.15
OCCCCCCC,239.15
CCCCCCCCC(C)C,224.25
O=N(=O)c1ccccc1O,317.95
Fc1cccc(c1)N(=O)=O,314.15
c1ccc(cc1)c2ccc3ccccc3n2,359.15
C=CCCCCCCCCCO,271.15
Brc1cc(Br)cc(Br)c1,395.95
ClC(Cl)c1c(Cl)c(Cl)c(Cl)c(Cl)c1Cl,392.65
Cc1ccc2cnccc2c1,358.65
c1ccc(cc1)Nc2ccc3ccccc3c2,381.15
O=C(O)C1CC1,291.65
CCCCCCCOC(=O)CC,222.25
Ic1cccc(c1)N(=O)=O,311.65
CC(C)CCCCC(C)C,218.25
COC(=O)CC(=O)C,300.65
OC1CCCCC1(C)C,281.15
CCC(O)C,158.45
OCCN(C(C)C)C(C)C,234.15
ClCC=CCCl,275.15
OCCC(O)C,223.15
CCC1CCC1,130.25
c1ccc(cc1)c2ccc3ccccc3c2,376.65
CC(C)c1cc(C)c(C)cc1C,294.15
CCCCCCCCCCCCCCC(=O)OC,581.15
BrC(F)(F)F,101.15
Nc1ccccc1Nc2ccccc2,352.65
C1=Cc2ccccc2CC1,265.15
CCCC(=O)CC,217.65
CCCCCCc1ccc2ccccc2c1,270.15
CCC1CCCC1C,167.15
Brc1ccccc1I,282.65
FC(F)C(F)(F)F,170.15
O=C(Cl)OC(Cl)(Cl)Cl,216.15
c1ccc(cc1)c2cccc(c2)c3ccccc3,360.15
CCCCC(O)(C)CC,190.15
CC(C)C1=CC(=O)C(C)=CC1=O,318.65
ClC=CBr,186.45
COc1ccccc1c2ccccc2,302.15
ClCCOCOCCCl,241.15
O=C(c1ccccc1)C(=O)c2ccccc2,367.95
O=C(C)OC(C)OC(=O)C,292.05
Nc1ccc(cc1)c2ccc(N)cc2,393.15
C=C(C)C(C)(C)C,163.25
Fc1ccc(cc1)C(=O)C,228.15
COc1ccc2NCCCc2c1,315.65
CCCC=CC(=O)O,309.65
BrCCC(C)C,161.15
ClC=C(Cl)Cl,188.45
OCc1ccc(C)cc1C,295.15
O=C1C=CC=CN1C,304.15
CCCCCCCCC(=O)C,287.15
CC(C)CCSCCC(C)C,198.55
c1cnc2ccccc2n1,301.15
C=CCCC,107.95
Oc1ccc(C)c(C)c1C,354.15
CC1=CCC(=CC1)C(C)C,263.15
C#CCCCCCCCCCCCCCCCCCC,309.15
C=CC=CC,132.35
c1ccc(cc1)C2=NC=CN2,422.45
CCC1=C(C)NC=C1C,273.15
c1ccc2c(c1)ccc3cccnc23,325.15
CCCC(=C)C,137.45
BrC=C(Cl)Cl,184.65
COc1c(Br)cc(Br)cc1Br,361.15
CCCOC(=O)N,333.15
O=C1CCC(=O)O1,392.15
O=C1OCc2ccccc12,348.15
CCCCC(=C)C,170.35
CCCC(O)(C)CCC,191.15
BrCc1ccc(C)cc1,308.15
CC[Si](F)(F)CC,194.45
CCc1cccc(Cl)c1,218.15
CCc1ccccc1C,192.35
Cc1ccc(cc1)NCc2ccccc2,292.65
c1ccc2c(c1)Oc3ccccc23,359.65
C1CCC2CCCCC2N1,233.15
N#CCCO,227.15
CCc1ccccc1Cl,190.45
CC#CCC(C)C,180.25
CCOC(=O)C(=O)Nc1ccccc1,338.65
Nc1ccc(C)c(N)c1,372.15
CCN(=O)=O,183.65
BrCCCCCCCCCCCC,263.65
CC1CCCC(C)(C)C1=O,241.35
O=C(C)c1cc(C)c(C)cc1C,283.65
CC(C)OC(C)C,186.35
Cc1ccc(c(C)c1)c2ccc(C)cc2C,314.15
ON=CCC(C)C,321.65
ClC,175.45
CCCCCCCc1ccccc1,225.15
CCCCCCOC(=O)CCC,195.15
Clc1ccccc1C(F)(F)F,267.15
CCC(Cl)C,133.15
Clc1ccnc2ccccc12,307.65
NNCCO,203.15
CCC(C)CC(C)(C)C,153.15
Clc1ccc(O)c(C)c1,324.15
CCc1ccc(cc1)Cc2ccccc2,249.15
CCCCCCCOC(=O)CCC,215.65
CCc1cccc(N)c1,209.15
CCOC(=O)N1CCN(CC1)C(=O)OCC,320.15
n1ncc2ccccc2c1,363.65
OCc1ccc(Cl)c(Cl)c1,309.15
CCCCCC(Br)C,320.15
COCCOC(=O)c1ccccc1C(=O)OCCOC,228.15
CCCCCCCCCCCCCCCCCCCCc1ccccc1,317.15
COS(=O)(=O)c1ccc(C)cc1,301.65
CCC1CCC(=O)O1,255.15
ClC(=Cc1ccccc1)c2ccccc2,326.65
NC,179.75
CC(C)(C1CCCCC1)C2CCCCC2,288.75
CCCCCCCOC(=O)C,222.95
Oc1cc(C)c(C)c(C)c1C,358.45
CCCCCNCCCCC,265.3
ClC(F)C(Cl)(F)F,195.15
BrCCCCCCCCCCCCCCC,292.15
C#CC(C)C(C)C(C)C(C)C(O)C(O)CC,310.65
CCCCCCCCCCCCCCCCCC(=O)OCCCC,300.15
ClC(Cl)C,176.25
CCc1cc(CC)cc(CC)c1,206.65
Clc1nc(Cl)cc(C)n1,319.65
CCOC(=O)c1ccccc1O,274.15
c1ccc(cc1)C2=CC=C(O2)c3ccccc3,364.15
ClCCCCCCCCCCCCCCCCCC,301.75
CCCSCCC,170.65
Clc1cc(Cl)cc(N)c1,325.15
O=C(C)C(O)C,288.15
ClC1=CC=C(Cl)S1,232.65
N#CC(O)C,233.15
Cc1cccc(C)c1C,247.75
CCCC(C)CO,166.15
O=S(=O)(Cl)Cl,219.05
O=CN,275.7
CCCCC#CCC,169.25
CCOCCOC(=O)c1ccccc1C(=O)OCCOCC,307.15
COC(F)(F)C(Cl)Cl,238.15
COC(=O)CC(O)(CC(=O)OC)C(=O)OC,352.45
OC1C2CC3OC1C(C3)N2C,381.65
ON=C(C)C(=O)C,349.95
CC1=CC=C(S1)C(=O)C,300.65
O=C(O)C,289.75
CCCCCCCCCCCCCCCCCCCCCCCCCCCCCCCCCC,345.75
O=CC(Cl)Cl,235.65
C=CC(OC(=O)C)OC(=O)C,235.55
ClCc1ccc(Cl)cc1,304.15
CC=CC(C)CC,147.45
COC(=O)C=C(C)C,387.15
O=CC(C)C,207.25
CC1CC(=O)C(C)(C)C1,232.55
CCC1=CCCCC1,163.25
CCCCCCCCCCCCCc1ccccc1,283.15
OCC(F)(F)C(F)F,258.15
Clc1cc(Cl)c(C)cc1Cl,355.55
C=CCC(C)(C)C,136.55
O=N(=O)C(C)(C)C,299.38
Clc1ccccc1N,259.15
C=CC[Si](Cl)(Cl)Cl,308.15
ClC1CCCCC1,229.15
CCOC(=O)c1cccc(c1)C(=O)OCC,284.65
C=CCC(=O)O,238.15
CC1=CSC=C1,204.15
OCc1ccc(OC)cc1,298.15
COc1ccc(cc1)C(=O)c2ccccc2,334.65
C#CCCCCCCCC,229.15
NC1CC(C)(C)NC(C)(C)C1,290.15
n1ncccc1,265.15
Clc1ccc(cc1)C(F)(F)F,240.15
CCOc1cc(ccc1N(=O)=O)Oc2ccc(cc2Cl)C(F)(F)F,357.15
FC(F)(C)C,168.35
C=CCc1ccc(OC(=O)C)c(OC)c1,303.65
C=COCCCl,203.15
CN(C)C,156.05
CC(C)C(C(C)C)C(C)C,191.45
Nc1ccc(cc1)C(=O)C,379.15
CC1=CC=C(C)O1,210.35
CCC(C)C,113.25
Cc1nccc2ccccc12,283.15
O=C(C)Nc1ccccc1c2ccccc2,394.15
SCCCS,194.15
c1ccc2c(c1)ccc3c4ccccc4ccc23,531.35
O=C(O)C(O)(C)C,355.65
COc1ccc(Cl)cc1Cl,301.65
O=C(C)CC(=O)Nc1ccc(cc1C)c2ccc(NC(=O)CC(=O)C)c(C)c2,485.15
CC1OC1C,193.15
COc1ccc(N)cc1N,340.65
Brc1cc(Br)c(N)c(Br)c1,395.15
Clc1cc(Cl)cc(O)c1,341.15
OCc1ccc(F)cc1,296.15
NCC,192.65
FC(F)C(Cl)(F)F,156.15
OCCC1CCNCC1,405.65
ClC(F)(F)C(Cl)(F)C(Cl)(F)F,201.15
CCCCCCC(=O)O,495.35
OCC(C)(C)CC,258.15
ClCCCCCCl,200.35
Clc1ccc(Cl)c(Br)c1,308.15
FC1(F)C(F)(F)C(F)(F)C1(F)F,233.05
Clc1ccc(O)c(Cl)c1,318.15
ClC1=NN(C)C(C)=C1,320.65
O=C1CCCC(C)=C1,252.15
O=C(C)c1ccccc1O,278.15
COc1cc(ccc1O)C(=O)C,388.15
N#Cc1cccc(c1)C(F)(F)F,287.65
CCCCCCCCCCCC(=O)C,303.65
COCCC,133.97
CCC(Cl)CC,168.15
Cc1ncccc1,206.45
O=CCc1ccc(C)cc1,313.15
CCCOCCC,147.05
OCCOCCC,183.15
OC1CCc2ccccc12,327.95
CCOC(=O)C1=CC=CO1,307.65
CCCCCCCCCCCCCCCCCCCCCCCC,327.15
O=C1CCCCC1,242.15
CCCC#CCCCCCC,198.45
ClC1CCCCC1Cl,271.65
CCOC(=O)C=Cc1ccccc1,280.15
CCOC(=O)c1ccc(OC)c(OC)c1,316.65
O=C1CCCC(C)C1,199.65
ClCOCCl,231.65
ClC(Cl)(F)C(Cl)(Cl)F,299.15
OCC(CO)(CC)CC,334.65
COc1c(Cl)cc(Cl)cc1Cl,334.65
OCCc1ccccc1N(=O)=O,275.15
ClN,611.15
c1ncc(cc1)c2ccccc2,437.15
CCO[Si](C)(C)OCC,186.15
Cc1ccc(C)c(O)c1C,331.15
BrCCC1CCCCC1,216.15
CCCCOC(=O)C(=C)C,198.15
O=C(O)CC(C)C,243.85
N#CC=C,189.65
Brc1ccc(cc1)Oc2ccccc2,291.87
CCCCCC1CCCCC1,215.65
SC(C)(C)C,272.65
O=CN(C)C,212.75
O=N(=O)c1ccc(cc1)c2ccccc2,387.15
CCOC(=O)c1ccc(cc1)C(=O)OCC,317.15
Fc1ccc(F)c(F)c1F,231.15
CCCCCCCC(O)C,237.65
O=CC1=CC=CO1,236.65
ClCCCl,237.65
n1cnc2ccccc2c1,321.15
Nc1ccc(cc1)Nc2ccccc2,339.15
CC1CCC(C)(C)C1,130.75
CCCC=CCC,136.55
OCCOCCO,262.75
CCCCN(CCCC)CCCC,203.15
COC(=O)C(O)C,207.15
CC(C)C(O)(c1cncnc1)c2ccc(cc2)OC(F)(F)F,368.15
O=COCC,193.55
O=C1OCCCC1,260.65
CCc1cccc(C)c1N,240.15
CCc1ccc(CC)cc1,230.32
CCOC(=O)Cc1ccccc1,243.75
C=COC(=O)CC,193.15
COC(=O)C(CC)c1ccccc1,350.65
Clc1cc(C)c2ccccc2n1,332.15
O=C(C)CC(O)(C)C,229.15
C=C=CCC,135.85
C=Cc1ncccc1,223.15
C=CCCC(=O)O,250.65
CCCCCCCCCCCCCC(=O)O,599.35
Cc1ccc(cc1)C(=O)C,301.15
BrCCCCCCCCCCCCC,279.35
ClCCCCCCCCC,233.75
CCC(=C)Br,139.75
CCOC(=O)c1ccc(N)cc1,365.15
CCN(CC)c1ccc(Cl)cc1,318.65
S1CCCCCC1,273.65
CCCCCCC(=O)C,257.15
CC1=CC(=O)N(c2ccccc2)N1C,387.15
CCOc1ccccc1N(=O)=O,275.35
CC(C)(C)C(C)(C)C,373.85
SCCCCCCCCC,253.05
COc1ccc2ncccc2c1,299.65
O=C(N1CCCCC1)c2ccccc2,322.15
OCC(C)(C)C,325.65
CN(C)Cc1ccccc1,198.15
ClC(Cl)(Br)Br,311.15
COc1cc(ccc1N)c2ccc(N)c(OC)c2,410.15
CCCCc1ccccn1,370.15
Oc1ccccc1C2=Nc3ccccc3O2,396.65
CCOc1cccc(c1)c2ccccc2,308.15
CCCCCCCC(=O)CC,275.65
CCCCCCCCCCCCCCCCCCCCCCCCCCC,332.65
IC1=CC=CS1,233.15
Cc1ccc(cc1)N(C)C,245.58
Cc1ccc2ncccc2c1,251.15
OCC(C)(C)C(O)C(C)C,324.65
C#Cc1ccccc1,228.35
ClCC(Cl)Cl,236.55
C1=CCCC1,138.05
C=CCI,173.85
CNC1CCCCC1,264.65
Fc1ccc(F)cc1,260.15
COc1cccc(C)c1,226.15
N#CCCCOc1ccccc1,318.65
C=CC(=O)N,357.65
CCc1ccc(Cl)cc1,210.55
Cc1cc(C)cc(c1)c2ccccc2,295.65
ClCCCCCCC,203.65
CCc1cc(c(O)c(c1)C(C)(C)C)C(C)(C)C,317.15
CCCCC(CC)COC(=O)c1ccc(cc1)C(=O)OCC(CC)CCCC,225.15
FCCCCC,153.15
CCCc1ncccc1,275.15
O=C(N)C(C)C,401.15
C=CC(=C)Cl,143.15
COc1ccc(F)cc1,228.15
SC1CCCCC1,189.64
BrC1=CSC=C1Br,277.65
CCCCN(C(=O)C)c1ccccc1,297.65
CCc1ccc(C)cc1,210.85
C#CCCCCCC#C,245.85
Brc1ccccc1,242.55
O=C(O)C(C)(C)C,308.15
BrP(Br)Br,231.65
O=N(=O)CCc1ccccc1,250.15
Nc1cccc(c1)C(F)(F)F,278.65
ON=C1CCCCC1,363.15
BrC(F)(F)C(Br)(F)F,162.75
ICCCCCCCCCCCC,273.45
ClC(C)(C)C,247.15
c1ccc(cc1)c2cccc3ccccc23,318.15
CC(C)c1ccccc1Cl,198.75
CC=CC(C)(C)C,157.95
Clc1cc(Cl)c2c(Cl)c(Cl)cc(Cl)c2c1Cl,391.45
CCCCCCC(=O)CCC,264.15
Oc1ccccc1C(F)(F)F,318.65
CCCCOC(=O)C,195.15
O=N(=O)c1cccc(C)c1C,288.15
C=CC(O)(C)C,245.15
CCCCCCOCCCCCC,230.15
Ic1ccc(cc1)N(=O)=O,447.85
Brc1ccc(O)c(Cl)c1,323.65
CCCCCC(=O)CC,250.15
CCCC=CCCC,183.15
CCCCCCCC(=O)OCC,481.65
Clc1cc(Cl)c(O)c(Cl)c1,342.15
CCCCC(C)CCCC,185.45
OCCN1CCCCC1,291.05
C=CC1CC=CCC1,164.25
O=C(C)C1CC1,204.85
FC(F)(F)C(F)(F)C(F)(F)F,125.55
CCCCC(C)CCC,159.85
Cc1ccc2nccnc2c1,491.65
Clc1ccc(O)c(Cl)c1C,331.15
C=COCC(C)C,161.15
O=S(=O)(C)C,382.15
ClC1=CC=CS1,201.25
O=CN(c1ccccc1)c2ccccc2,346.65
ClCC(Cl)(F)C,181.45
Clc1cc(Cl)c(C)c(Cl)c1O,319.15
O=N(=O)c1ccccc1c2ccccc2,310.35
O=C(Oc1ccccc1)c2ccccc2,344.15
ClCl,172.15
C#CC(=C)C,160.15
Oc1cccc(C)c1,284.95
CCOc1ccccc1OCC,317.15
c1ccc(cc1)CN2C=CC=C2,288.15
ClCC(=O)OC,241.05
BrC1C(=O)C2(C)CCC1C2(C)C,350.15
NC(C)C(C)(C)C,253.15
CCCCCCCCCCCCCC(=O)C,312.65
COC(=O)CCCCCCCCCCCC(=O)OC,309.15
O=C(O)C1CCCCC1,304.65
NN,275.15
O=C(OCCOCCOC(=O)c1ccccc1)c2ccccc2,306.65
COc1cccc2cccnc12,322.65
Clc1ccc(cc1Cl)C(Cl)(Cl)Cl,298.95
FC(F)(F)C(F)(F)C(F)(F)C(F)(F)C(F)(F)F,263.15
BrC=C(Br)CC,223.65
Fc1ccc(F)c(c1)N(=O)=O,261.45
CCCCCCCCOC(=O)CCCC,230.85
C=CCCc1ccccc1,203.15
CCCC(=O)N,387.95
Cc1cccc(C)c1I,284.35
Brc1ccc(cc1)c2ccccc2,364.65
c1ccc2Cc3ccccc3Cc2c1,384.15
C1CCCCCC1,265.15
CCCC1NCCCC1,271.15
C=CCSCC=C,188.15
C=CCCl,138.65
Nc1cccc2ncccc12,383.15
CCCc1ccc(O)cc1,295.15
C=CCCCCCCCCCCC,260.15
CCC1(C)CC1,142.95
CCOC(=O)CCCCCCC(=O)OCC,279.05
CCC(O)(C)CCCC(C)C,304.65
Oc1ccc2CCCCc2c1,330.15
COC(OC)(OC)OC,268.15
OCCN1CCCC1=O,293.15
Clc1ccc(C)c(N)c1,299.15
CC1CCSCC1,245.15
CCOC(=O)CCCC(=O)OCC,249.05
FC(F)(F)C(F)(F)C(F)(F)C(F)(F)C(F)(F)C(F)(F)C(F)(F)F,195.15
CCCCCCC(=O)CC,265.15
OCCOc1ccccc1,287.15
CCCCOC(=O)CCCCCCCCC(=O)OCCCC,263.15
CC(C)c1ccccc1O,288.65
CCCN(=O)=O,165.15
Cc1ccc(C)c(C)c1,229.35
CC1OC1,161.25
Cc1ccc2Nc3ccccc3c2c1,481.65
Cc1ccc(cc1)C(=O)c2ccc(C)cc2,369.65
O=C1CC(C)(C)NC(C)(C)C1,309.15
CN1N=Nc2ccccc12,337.65
ICCCC,170.15
OC(C)C,183.65
CCCC(C)=C(C)C,158.05
CCCCCCCCCCCCC,267.85
CCOc1ccc(N)cc1,275.55
ClC(Br)(F)F,113.65
c1ccc2NSNc2c1,316.15
Clc1cc(Cl)c(Cl)cc1Cl,412.65
FC1(F)C(F)(F)C(F)(F)C(F)(F)C(F)(F)C1(F)F,321.65
Clc1cc(Cl)cc(Cl)c1,336.65
Brc1ccc2ncccc2c1,297.15
CCCCOC(=O)CC(=O)OCCCC,190.15
O=S(=O)(c1ccccc1)c2ccccc2,401.65
ClC1=C(Cl)C(Cl)(Cl)C(Cl)(Cl)C1(Cl)Cl,313.15
CC1=NCCS1,172.15
O=C(OC(=O)c1ccccc1)c2ccccc2,315.65
CC1CCNCC1,269.15
OCCOCCOCCOCC,254.45
COc1ccccc1N,279.35
c1ccc(cc1)SSc2ccccc2,335.15
CC(=Cc1ccccc1)c2ccccc2,355.15
N#Cc1cccc2ccccc12,310.65
Clc1cnc(Cl)c(Cl)c1,322.15
ClCC(Cl)(F)F,171.95
CC(C)c1cccc(C(C)C)c1N,228.15
CC(C)C(O)C(C)(C)C,260.15
CC(C)Oc1ccccc1,240.15
Ic1cccc2ccccc12,277.35
ON=Cc1ccccc1,308.15
COc1ccccc1Oc2ccccc2,352.15
CCc1ccc2CCCCc2c1,203.15
Clc1cccc(Cl)c1,248.35
COCCOCCOC,205.15
Fc1ccc(C)cc1,217.15
Oc1ccc(C(=O)C)c(C)c1,401.15
COc1cccc(c1)C(=O)C,368.65
CC(C)C1CCCC1,161.75
Cc1ccc(C)c(c1)C(=O)C,255.05
N#CCc1ccc(N)cc1,319.15
NC(C)C(C)C,223.15
CC[Si](Cl)(Cl)Cl,167.55
O=N(=O)c1cccc(c1)N(=O)=O,363.15
Clc1ccccc1C(Cl)(Cl)Cl,302.55
NC1CCCCCCC1,225.15
BrC(C)C(Br)C,249.15
N#CCCCCC,192.85
Cc1cc(c(O)c(c1)C(C)(C)C)C(C)(C)C,344.15
Oc1ccccc1C,302.95
BrCC(F)(F)F,179.25
FC(F)=C(F)C(F)=C(F)F,141.15
O=CCCCCCC,229.85
ClC(Cl)(C)C,239.35
FC(F)(F)c1ccccc1,244.05
N1CCC(CC1)CCCC2CCNCC2,340.25
Cc1ccc(cc1)Oc2ccc(C)cc2,324.15
CC1CCCC1C,155.55
CCCC(O)CC(C)C,192.15
CCCCCCCCCCOC(=O)C,258.15
FC(F)(F)C(F)(F)C(F)(C(F)(F)F)C(F)(F)C(F)(F)F,158.15
O=C(C)C1=CC=CO1,306.15
Brc1c(F)c(F)c(F)c(F)c1F,242.15
CCCCCCCC(=O)OC,466.05
C1=CC2C=CC1C2,254.05
ClCCOc1ccccc1,301.15
CCN(CC)c1cccc(O)c1,351.15
CC(C)c1ccc2c(ccc3c(C)cccc23)c1,374.15
CCOC(=O)c1ccccc1N,286.15
S1CCCC1,177.05
SCCCCCCCC,223.95
Clc1cc(Cl)c2ccccc2c1O,380.65
CCCCc1ccc(O)cc1,295.15
CN(C)CCOC(=O)C(=C)C,243.15
C=CCCCCCCCCCCCCCC,277.25
CCCNCCC,210.15
CCCCCCCCCCCCCCC,283.05
O=CCCC,174.15
CCC(C)(CC)CC,182.25
CCCCCCCCCCCCCCCCCCCCCCCCCCCCCC,338.95
CCCCCCCCCCCCCC(=O)OCC,568.15
O=Cc1cccc2ccccc12,306.65
O=COCC(C)C,177.35
CC12CCC(CC1)C2(C)C,431.65
Cc1ccc(C(=O)C)c(O)c1,294.15
c1ccc(cc1)C2=CC=CN2,402.15
FC(F)(F)C(F)(F)C(F)(F)C(F)(F)C(F)(F)C(F)(F)F,186.05
COc1ccccc1c2ccccc2OC,428.15
ClCCOC(=O)OCCCl,281.15
N#CC(C)(C)C#N,304.65
CCCC(O)(C)C,170.15
CCC(O)C(C)(C)C,268.15
Clc1ccc(cc1)c2ccccc2,351.95
ON=C(C)CC,243.65
CCCCCCCCCCCC1CCCC1,263.15
CCCCCCCCCCCCCC(O)C,308.15
O=N(=O)c1ccccc1c2ccccc2N(=O)=O,399.15
Nc1cccc(N)n1,394.65
Clc1ccc(cc1)C(=O)Cl,289.15
c1ccc(cc1)C=CC=Cc2ccccc2,425.15
O=C(C)N1CCCCC1,259.75
C=COCC,157.35
Cc1cc(C)cc(C)c1,228.45
Fc1cc(F)c(F)c(F)c1F,225.85
ClC(Cl)C(Cl)Cl,229.35
O=C1CCC(=O)N1c2ccccc2,429.15
C[Si](C)(C)Oc1ccccc1,218.15
OC(C)CCC(O)C,316.15
n1cncnc1,359.15
ClCc1ccc(Br)cc1,323.15
O=C1OC(=O)C(C)=C1C,369.15
CCOC(=O)c1ccccc1N(=O)=O,303.15
O=C(N)c1ccccc1N,383.65
O=N(=O)c1ccc(C)c(Cl)c1,339.65
CCCCCCC(C)C,192.85
ClCCl,178.05
CCCC(=O)OCCOC(=O)CCC,193.15
OC(C)(C)c1ccccc1,309.15
CCCCCCCNCCCCCCC,304.65
O=C(C)OCc1ccccc1,221.85
CCCCCCCC(=O)OCCC,226.95
CCCCN(CC)c1c(cc(cc1N(=O)=O)C(F)(F)F)N(=O)=O,339.15
CCC=CC(C)(C)C,135.75
Cc1ccc(cc1)C(C)(C)C,221.15
O=CN1CCOCC1,294.15
O=C1C=C(C)C2CC1C2(C)C,282.95
CCc1cc(C)ccc1C,219.45
FC,131.35
OP(O)C,233.14
Clc1nc(Cl)cc(Cl)n1,295.65
C1CCC(CC1)Nc2ccccc2,289.15
COC(=O)c1ccc(OC)c(OC)c1,333.95
Cc1ccc2cc(C)ccc2c1,385.15
CCCCCC(O)C,243.0
c1ccc(cc1)N=Nc2ccccc2,341.15
ClCCCBr,214.25
Cc1nc(C)c(C)nc1C,358.15
Cc1cccc2C=COc12,382.15
Cc1cccc(c1)C(C)C,209.45
OCCNC(C)C,401.65
ClC1=Nc2ccccc2S1,297.15
ON=CCCC,243.65
FC(=C(F)C(F)(F)F)C(F)(F)F,144.15
C=Cc1c(C)cc(C)cc1C,236.15
O=C1CC2(C)CCC1C2(C)C,459.65
O=C1OC(=O)C(C)=C1,280.65
CCCC(S)C,104.15
c1ccc(cc1)c2c3ccccc3cc4ccccc24,429.15
C=CC1CCCCC1,146.39
O=COCCCCCCCC,234.05
COC(=O)c1ccccc1,258.15
O=CC1OC1,211.15
Nc1ncccc1C,306.65
OC(C)(C)CCC(O)(C)C,365.15
O=C(C=Cc1ccccc1)c2ccccc2,330.65
C1=CCCCCC1,217.15
CC1=CC=NC1,224.75
O=C(Cl)C(Cl)(Cl)Cl,241.35
Brc1ccc2cccnc2c1,307.15
Brc1cc(C)cc(c1)N(=O)=O,356.15
Clc1c(F)c(F)c(F)c(F)c1F,257.49
O=CC(C)(C)C,279.15
Clc1ccc(N)c(C)c1,303.45
CP(C)C,188.15
c1ccc(cc1)N2C=NC=C2,286.15
Clc1ccc2ccccc2c1Cl,309.15
Cc1ncncc1,305.15
OCCOCCOCCCC,205.15
ClC(Cl)(Cl)Cl,250.15
Brc1ccc(O)c(Br)c1,311.15
N#CSCc1ccccc1,316.15
CCCCCC(=O)Cl,186.15
O=C1NCCCC1C,328.45
O1CC1,161.45
CCCCCC1=CCCC1,190.15
CCCCCCCCNCCCCCCCC,308.65
O1CCN(CC1)CCN2CCOCC2,348.15
FCC(=O)O,308.35
O=Cc1ccccc1F,228.65
CCCCOP(=O)(OCCCC)OCCCC,194.15
CCC(C)CCC(O)(C)CC,205.65
CC1CC=CC1,112.35
CCCCCCCCCCCCCCCCCCCCCCCCCCCCCCCCCCCCCCCCCCCC,360.65
Clc1ccc(F)cc1,246.35
OCCCCCCCCCCCCCCCCC,326.95
Fc1ccccc1I,231.65
O=C(C)C=Cc1ccccc1,314.65
N#CC#CC#N,293.65
C#CC(C)(C)C,194.95
O=C(O)c1ccccc1Cl,413.35
O=C(O)C=CC(C)C,308.15
CCCCCOC(=O)CCC,199.95
O=C(C)OCC(C)C,174.35
O=C1OCC(C)O1,224.35
Ic1cccc(I)c1,313.55
CC(C)CCCC(C)(C)C,168.15
CC1CCCC2(C)CC3OC(=O)C(=C)C3C=C12,349.15
O=C1CCCCCC1,252.15
N#Cc1ccc(Cl)cc1,368.15
COC1CCCCC1,198.75
II,386.75
OCC(Cl)(Cl)Cl,292.15
C=CN(=O)=O,217.65
C=Cc1ccc(C)cc1,239.05
O=C1CC2CCC1(C)C2(C)C,453.15
N#Cc1ccc(cc1)N(C)C,347.15
C1CC2CCC1C2,360.65
C=CCCCCCCCCC,223.95
Cc1ccc2ccccc2c1C,274.75
CCCCCCCCCCC1CCCCC1,271.45
CN(C)c1ccccc1,275.65
CCCCCCOC(=O)CC,215.65
COC(=O)c1c(Cl)c(Cl)c(C(=O)OC)c(Cl)c1Cl,428.15
CCCCCCCCOC(=O)CC,230.55
BrCCCCCC,188.45
OCC=CCO,298.15
C[Si]C,123.15
C=CC(=O)OC,196.65
BrCBr,220.65
BrC(Br)(Br)Br,363.25
ClCC(=O)OC(=O)CCl,319.15
CCCCOc1ccccc1,253.75
ClCCC,150.35
N#CSC,268.15
CCCCCCCCCCCCCCCCCCCc1ccccc1,313.15
C[Si](C)(C)[Si](C)(C)C,286.65
BrCCCCCCC(=O)O,304.15
O=Cc1cc(Cl)ccc1Cl,331.15
COc1ccc(C)cc1N,326.15
CCc1cc(C)cc(CC)c1,199.05
BrCC(Br)CC,207.75
OC(C)c1ccccc1,293.15
Cc1cccc2ccccc12,242.75
CSC,174.85
OCCCCO,293.25
CCC=C(C)C(=O)O,297.55
O=C(OCc1ccccc1)c2ccccc2,294.15
Fc1ccc(C)c(c1)N(=O)=O,300.15
O=C(C)CCC(C)C,199.15
Brc1ccc(cc1)Sc2ccc(Br)cc2,388.15
COc1cc(OC)c(cc1OC)C(=O)O,418.15
CSc1ccccc1,256.45
CCCCCCCCCCCCCCCCCCCCCCCCCCCC,337.65
c1ccc(cc1)c2ccccc2,342.15
COC(=O)c1ccncc1,289.25
Cc1ccc(Cl)c(N)c1,302.65
CCCCC(CO)CC,203.15
CC(C)(C)C,256.55
COc1ccc(C)cc1,241.15
CCN(C)CC,77.15
CCCCCCCCCCCCCCc1ccccc1,289.15
S1CCCCC1,292.15
ClCC,134.45
CCOP(=O)(C)SCCN(C(C)C)C(C)C,234.15
NCCCN,261.15
Clc1ccc(C)c(Cl)c1,259.65
CC(C)C(C)(C)C,248.15
CC(C)CC(C)C(C)C,145.25
COC(=O)c1ccc(C)cc1O,300.65
ClCC(Br)CBr,279.15
CCC(C)=C(C)C,154.85
C=CC(C)C,104.65
CC(C)CCNCCC(C)C,229.15
C=COC,151.15
CC=CC=CC(=O)OC,288.15
Sc1ccccc1C,288.15
OC1CCCC1C2CCCC2,293.15
C1=CC=C(S1)C2=CC=CS2,306.15
N#CC=C(Cl)C#N,333.65
COc1ccc(cc1)C(=O)C,311.65
O=C(Cl)c1ccc(Cl)c(Cl)c1,298.15
Oc1cccc(C)c1O,341.15
C=C(Cl)Cl,150.65
CC1CC1C,132.25
Cc1ccc(O)c(O)c1,338.15
C=CCCCCCCCCCCCCCCCCC,296.15
CCCCCCCCCCCCCCCCCCCCCC(=O)O,693.15
C#CC1(O)CCCC1,300.15
c1ccc(cc1)C(c2ccccc2)(c3ccccc3)c4ccccc4,555.15
COc1ccccc1OC,295.65
COCCOCCOCCOC,228.15
Clc1ccc(cc1)C(=O)C,293.15
O=N(=O)c1ccc(Cl)c(c1)C(F)(F)F,295.15
CC(C)CC(C)(C)CC(C)(C)CC(C)(C)C,175.15
CC(C)(C)CC1(C)OC1,209.15
COC(C)OC,159.95
c1ccc2c(c1)ccc3cc4c(ccc5ccccc45)cc23,542.65
CCC(O)C(C)C,249.55
Clc1ccc(N)c(N)c1,349.15
ClCC(Cl)F,213.15
O=CCCCC,181.65
Cc1ccc(C)c(C)c1C,266.95
ClC(F)C(Cl)F,171.95
C#CC#C,236.75
CCCCCOC(=O)CCCCC,226.15
Fc1ccc(O)cc1,321.15
CC1CSCC1,192.02
COc1cccc(OC)c1C#N,392.15
CCCCCCNCCCCCC,260.05
COCCOC(=O)C,203.15
COc1ccc(C)c(c1)N(=O)=O,290.15
O=C(Cl)c1ccccc1C(=O)Cl,288.65
Cc1ccc(C)c2ccccc12,280.75
CCCCCCCCCCCCCCCCCC,301.35
Brc1cccc(Br)c1N,360.65
ClCCOCC,213.15
OCCCC,183.35
CCC(=O)OCC(C)C,201.75
O=CCCl,256.85
CC(C)C(C)C(C)C,163.95
S1CCC1,199.95
O=N(=O)c1c(Cl)c(Cl)cc(Cl)c1Cl,372.65
O=COC(C)C,193.15
OCCCCCCC(C)C,337.65
CC(C(C)(C)C)C(C)(C)C,234.45
O=C1CCc2ccccc2C1,291.15
CC1=CC=CO1,185.65
CCCCCCc1ccccc1,212.15
ClC(Cl)=C(Cl)C(Cl)=C(Cl)Cl,252.15
Clc1cccc(Cl)c1O,341.65
CCOc1ccc(Cl)cc1Cl,305.15
Nc1ccc2ccccc2c1,386.15
CCOC(=O)CCCCC(=O)O,302.15
COCC(C)N(C(=O)CCl)c1c(C)cccc1CC,211.05
N1CC1,195.25
c1ccccc1,278.65
O=C(O)c1ccccc1,395.55
COc1ccc(C(=O)C)c(OC)c1OC,288.95
c1ccc2SC=Cc2c1,305.15
COC(=O)CCC(=O)OC,292.15
Brc1ccc(N)c(C)c1,332.65
CC(C)Nc1ccccc1,263.15
COc1ccc(cc1)C(=O)Cl,297.65
CC1=CCCC1,146.65
c1ccc(cc1)O[Si](Oc2ccccc2)(Oc3ccccc3)Oc4ccccc4,322.15
N#CCc1ccc2ccccc2c1,356.15
C#CCCCCCCCCC,248.15
Cc1ccccc1Oc2ccccc2,294.85
CCCCC(=O)CC,234.15
CCCC(I)C,223.15
CCCC(Br)C,177.65
CCCCCCC(C)CC,188.35
CC(C)Cc1ccccc1,221.75
C=CCC=CC,134.45
NCCc1ccccc1,213.15
Cc1ccc(N)c(Br)c1,299.15
ClC(c1ccccc1)(c2ccccc2)c3ccccc3,386.65
CCOC(=O)C(C)(C)C,183.65
O=C(c1ccncc1)c2ccccc2,345.15
CC(C)(C)CC(C)(C)C,206.65
NC1CCCC1,190.45
CCOCc1ccccc1,275.65
Cc1cc(C)cc(c1)C(C)(C)C,255.15
NCCCCCCCCCC,290.15
COc1ccc(Br)cc1,286.65
O=C(C)C1=CC=CS1,283.65
Cc1cccc(c1O)C(C)(C)C,304.15
N#CCC(C)C,172.15
OCC(Cc1ccccc1)c2ccccc2,324.15
CCOc1cccc2ccccc12,278.65
Nc1cccc(N)c1C,379.15
CC=Cc1ccccc1O,267.15
O=Cc1ccccc1,247.15
c1ccc(cc1)OCC2OC2,276.65
NCCCCCO,311.65
CC(C)CCCC(C)C,170.25
O=CNC,269.35
CCOC(=O)C(=O)C(=O)OCC,243.15
COc1ccc(cc1)C(=O)O,458.15
CNc1ccc(N)cc1,309.15
ClC(F)C(Cl)(Cl)Cl,177.85
CCN(CC)CC,158.45
CSC(C)C,171.65
CCCCC(=O)OCC,181.95
COCOC,168.35
Nc1c(C)c(C)c(C)c(C)c1C,425.65
CCCCOC(=O)CCC(=O)OCCCC,243.95
CC=CC=CC,194.15
O=C(O)c1ccccc1c2ccccc2,387.45
C1CCC(CC1)C(C2CCCCC2)C3CCCCC3,321.15
n1ccc2ccccc2c1,299.62
Nc1ccc(cc1)N(C)C,326.15
O=C1C=C(C)OC(C)=C1,405.15
CC(C)NC(C)C,212.15
O=C(C)OCC(=O)c1ccccc1,322.15
FC(F)=C(F)C(F)(F)F,116.65
c1ccc2c(c1)c3ccc4ccc5cccc6cc2c3c4c56,436.75
CCCCCCCCCCCCCCCCCCCCCCCCCCCCCCC,341.05
Cc1cc(C)c(N)c(C)c1,268.15
NCc1ccccc1C,243.15
O=C(C)NC(=O)C,352.15
CNC(C)C(O)c1ccccc1,349.65
O=C1C=C(C)CC(C)(C)C1,265.05
Brc1cc(Br)c(Br)c(Br)c1,372.65
ClC(Br)C(Cl)Br,247.15
CC1NCC(C)NC1,389.15
CNC(=O)Oc1cccc2ccccc12,418.15
Clc1cccc(Cl)c1Cl,326.65
Cc1ccc(C)cc1,286.35
c1ccc2cc(ccc2c1)c3ccc4ccccc4c3,461.45
Clc1ccc(cc1)C(=O)c2ccccc2,350.65
O=C(C)CC(C)C,189.15
CCCCCCCC(=O)Cl,210.15
Cc1ccc(C)c(N)c1,288.65
Oc1ccc(cc1C)C(C)(C)C,300.65
O=C1CCCCCCCC=CCCCCCCC1,305.65
Cc1ccccc1Cc2ccccc2,279.75
ClCCBr,256.45
N#CC(Cl)(Cl)Cl,231.15
Cc1ccc2c(C)cccc2c1,256.25
CCC(=O)c1ccc2ccccc2c1,333.15
Brc1ccc(cc1)N(C)C,328.15
